Name,Afghanistan,Angola,Albania,Andorra,United Arab Emirates,Argentina,Armenia,Antigua and Barbuda,Australia,Austria,Azerbaijan,Burundi,Belgium,Benin,Burkina Faso,Bangladesh,Bulgaria,Bahrain,The Bahamas,Bosnia and Herzegovina,Belarus,Belize,Bolivia,Brazil,Barbados,Brunei Darussalam,Bhutan,Botswana,Central African Republic,Canada,Switzerland,Chile,China,Côte d'Ivoire,Cameroon,Democratic Republic of Congo,Congo,Colombia,Comoros,Cabo Verde,Costa Rica,Cuba,Cyprus,Czech Republic,Germany,Djibouti,Dominica,Denmark,Dominican Republic,Algeria,Ecuador,Arab Republic of Egypt,Eritrea,Spain,Estonia,Ethiopia,Finland,Fiji,France,Federated States of Micronesia,Gabon,United Kingdom,Georgia,Ghana,Guinea,The Gambia,Guinea-Bissau,Equatorial Guinea,Greece,Grenada,Greenland (Den.),Guatemala,Guyana,Honduras,Croatia,Haiti,Hungary,Indonesia,India,Ireland,Islamic Republic of Iran,Iraq,Iceland,Israel,Italy,Jamaica,Jordan,Japan,Kazakhstan,Kenya,Kyrgyz Republic,Cambodia,Kiribati,Saint Kitts and Nevis,Republic of Korea,Kuwait,Lao People's Democratic Republic,Lebanon,Liberia,Libya,Saint Lucia,Liechtenstein,Sri Lanka,Lesotho,Lithuania,Luxembourg,Latvia,Morocco,Monaco,Moldova,Madagascar,Maldives,Mexico,Marshall Islands,North Macedonia,Mali,Malta,Myanmar,Montenegro,Mongolia,Mozambique,Mauritania,Mauritius,Malawi,Malaysia,Namibia,Niger,Nigeria,Nicaragua,Netherlands,Norway,Nepal,Nauru,New Zealand,Oman,Pakistan,Panama,Peru,Philippines,Palau,Papua New Guinea,Poland,D. P. R. of Korea,Portugal,Paraguay,Qatar,Romania,Russia,Rwanda,Saudi Arabia,Sudan,Senegal,Singapore,Solomon Islands,Sierra Leone,El Salvador,San Marino,Somalia,Serbia,São Tomé and Príncipe,Suriname,Slovak Republic,Slovenia,Sweden,Eswatini,Seychelles,Syrian Arab Republic,Chad,Togo,Thailand,Tajikistan,Turkmenistan,Timor-Leste,Tonga,Trinidad and Tobago,Tunisia,Türkiye,Tuvalu,Tanzania,Uganda,Ukraine,Uruguay,United States,Uzbekistan,Saint Vincent and the Grenadines,R. B. de Venezuela,Vietnam,Vanuatu,Samoa,Republic of Yemen,South Africa,Zambia,Zimbabwe
1950,10.25,20.99,12.92,4.94,26.27,14.23,5.45,25.38,21.76,6.3,10.97,19.23,9.31,26.03,26.82,24.51,11.55,25.49,24.69,10.27,6.22,23.73,18.76,24.29,25.6,24.94,8.47,21.06,24.97,-5.99,4.72,7.75,6.66,25.06,23.7,23.3,24.02,22.6,24.58,23.05,22.41,24.54,18.52,7.98,8.75,24.72,24.88,8.19,23.14,21.86,19.28,21.41,23.71,13.5,5.28,20.74,2.66,24.03,10.69,26.66,23.41,8.54,6.95,25.99,24.75,26.61,26.33,22.73,15.09,25.68,-19.22,21.06,24.47,21.79,12.35,23.95,11.97,24,22.8,9.52,16.38,20.76,0.62,19.1,12.77,24.04,17.97,10.74,4.77,23.45,-0.23,26.19,26.08,25.34,11.41,23.95,22.2,14.26,24.23,20.29,25.41,5.16,26.18,10.74,6.35,8.54,5.73,17.24,14.42,9.73,21.33,26.58,20.28,26.53,11.39,26.71,19.56,22.51,9.69,1.31,23.27,26.07,23.03,21.03,24.3,19.92,25.01,25.82,24.11,9.51,0.51,11.24,26.94,9.3,26.4,19.23,23.98,17.36,25.02,26.74,22.51,8.12,6.13,14.85,22.65,26.08,9.97,-4.92,18.3,23.36,24.55,27.24,26.42,25.75,24.86,24.1,14.69,25.13,11.89,25,25.19,8.38,9.79,2.89,19.23,25.48,17.69,25.14,25.54,25.26,-0.89,14.48,23.74,24.71,25.23,18.47,10.49,26.9,21.63,21.11,8.07,17.32,8.58,11.08,25.56,24.02,23.19,24.98,24.98,23.15,17.35,20.89,20.71
1951,11.26,21.26,12.53,3.85,27.2,14.42,5.83,25.87,22.1,6.35,11.6,19.56,9.39,26.01,27.09,24.5,11.28,25.71,25,10.09,6.29,24.59,19.09,24.39,26.06,25.19,8.43,21.73,25,-5.45,4.4,8.12,6.46,25.36,23.68,23.23,23.9,22.79,24.96,22.67,22.7,24.98,19.21,8.2,8.88,26.13,25.39,8.31,23.51,22.26,19.69,21.85,25.01,12.47,5.09,21.33,2.35,23.72,10.32,26.61,23.61,8.34,7.49,26.22,24.81,26.54,26.43,22.94,15.11,26.08,-20.06,21.95,24.56,22.74,12.22,24.38,11.92,24.17,22.92,9.3,17.09,21.86,0.35,19.42,12.23,24.48,18.35,10.39,5.93,23.47,-0.08,26.4,26.51,25.81,11.7,25.15,22.12,14.81,24.26,21.3,25.92,5,26.16,10.61,6.46,8.66,5.64,16.95,13.9,10.23,21.78,26.75,20.32,26.7,11.19,27.37,18.9,22.28,9.41,1.03,24.14,25.84,23.22,21.96,24.52,20.24,26.26,25.86,24.75,9.64,1.11,11.21,26.72,8.69,26.86,20.08,24.46,17.67,25.15,26.64,22.58,8.38,5.98,14.28,23.24,26.76,9.95,-4.35,18.54,24.34,25.46,27.18,26.48,25.66,24.82,25.02,14.11,25.12,11.54,25.2,25.37,8.57,9.88,3.21,19.45,25.85,18.61,25.95,25.71,25.41,-0.4,15.26,24.25,24.34,25.46,18.55,11.17,26.86,21.76,21.33,8.45,17.46,8.35,11.86,26.02,24.28,23.23,24.64,25.09,23.8,17.37,21.99,22.3
1952,11.25,21.58,12.81,4.18,27.06,14.35,6.3,25.97,21.86,5.38,11.75,19.7,8.97,26.2,27.09,24.36,11.51,26.01,25.06,9.59,5.38,24.49,18.91,24.3,26.16,25.44,8.32,21.74,25.12,-4.07,4.1,8.41,6.34,25.37,23.77,23.27,23.98,23.1,24.91,22.56,22.74,25.01,19.15,7.21,8.04,26.05,25.48,7.54,23.6,22.22,19.62,21.85,24.93,12.84,4.39,21.44,1.59,24.25,10.5,26.73,23.68,8.23,7.68,26.36,24.97,26.4,26.47,22.94,15.51,26.28,-18.51,21.77,24.82,22.84,11.66,24.6,10.76,24.25,22.95,9.48,16.87,21.8,0.59,19.6,12.5,24.71,18.69,10.01,5.37,23.47,0.13,26.21,26.63,25.96,11.64,24.69,22.24,14.92,24.39,20.82,26.11,4.58,26.47,11.06,5.49,8.22,4.91,17.22,14.05,9.58,21.55,26.78,19.94,26.65,11.49,26.73,19.46,22.45,9.18,0.63,23.64,25.68,23.39,21.58,24.61,20.61,25.38,25.91,24.72,9.04,0.26,10.84,26.77,9.2,27,19.97,24.53,17.65,25.27,26.76,22.95,7.15,5.7,14.42,22.86,26.78,9.55,-5.59,18.65,24.26,25.7,26.97,26.51,25.88,25.1,24.91,14.59,25.57,11.27,25.09,25.5,7.3,8.86,2.2,19.61,25.94,18.66,25.79,25.85,25.27,-0.15,15.29,24.28,24.88,25.83,19.25,11.56,26.98,22.02,21.47,8.01,17.31,8.93,12.21,26.14,24.75,23.48,25.01,25.31,24.01,17.53,21.65,21.03
1953,11.43,21.23,11.78,4.26,27.63,14.53,5.2,25.98,21.85,6.15,11.04,19.25,9.55,26.48,27.63,24.1,10.14,25.95,25.15,9.03,5.81,24.85,19.27,24.45,26.19,25.38,7.92,21.27,24.86,-4.05,4.57,8.19,6.95,25.58,23.63,23,23.87,23.28,24.78,22.94,22.89,25.36,18.32,8.07,9.1,25.64,25.53,8.73,23.51,21.63,19.9,21.35,24.51,12.98,5.59,21.31,3.16,24.11,10.46,26.71,23.49,9.1,6.69,26.58,25.22,26.98,27.01,22.79,14.02,26.33,-19.57,22.13,24.69,23.14,11.19,24.63,10.56,24.25,22.63,10.07,16.74,20.93,1.65,18.7,12.3,24.76,17.46,10.86,6.13,23.05,0.14,26.11,26.59,25.96,11.64,24.14,22.05,13.62,24.54,20.72,26.23,5.28,26.38,11.13,6.46,8.9,5.93,16.61,14.17,8.71,21.65,26.88,20.12,26.71,10.17,27.3,18.73,22.05,8.68,1.66,23.22,26.29,23.62,21.14,24.58,20.48,25.77,25.94,25.03,9.89,2.53,10.9,26.75,9.11,27.28,19.61,24.61,17.83,25.3,26.77,22.86,8.25,5.55,15.02,23.43,27.01,8.67,-4.08,18.26,24.01,25.1,27.7,26.4,25.86,25.23,25.18,14.07,25.24,10.11,24.83,25.47,7.81,9,4.37,19.41,25.8,17.52,25.51,26.04,24.67,-0.29,15.63,24.29,24.62,25.74,18.24,9.96,26.96,21.45,21.08,7.55,17.66,9.47,12.55,26.22,24.78,23.39,24.91,25.23,24.06,17.79,20.85,20.22
1954,11.09,22.23,11.37,3.8,27.54,13.68,6.12,25.62,21.95,4.99,11.48,19.7,8.81,26.27,27.19,25.06,9.72,26.04,24.94,8.36,5.5,23.99,19.03,24.35,25.8,24.97,8.39,22.18,24.82,-4.73,3.7,7.51,6.06,25.09,23.53,23.26,23.87,22.72,24.73,22.61,22.39,24.89,18.83,6.75,7.83,26.57,25.13,7.49,23.16,21.45,19.29,21.43,25.23,12.7,4.98,21.84,2.73,24,9.91,26.67,23.38,8.32,7.81,26.18,24.53,26.61,26.31,22.54,14.04,25.87,-18.71,21.18,24.06,22.39,10.49,24.2,9.59,23.91,23.74,9.5,16.78,21.7,0.96,19.35,11.69,24.48,18.47,11.16,4.34,23.97,-0.41,26.27,26.22,25.6,11.87,24.74,22.4,14.66,24.04,20.49,25.77,4.17,25.44,10.09,5.76,7.95,5.3,16.62,13.48,8.29,21.61,26.63,20.26,26.51,9.72,26.68,18.17,22.58,8.11,0.11,23.54,25.48,23.3,21.52,24.18,21,25.7,25.98,24.46,9.08,1.23,11.48,26.75,9.76,27.14,20.1,24.19,17.43,25.23,26.76,22.88,6.94,5.87,14.39,22.74,26.97,8.1,-4.71,18.57,24.45,25.64,27.24,26.22,25.87,24.54,24.53,13.59,25.59,9.37,24.68,24.67,6.8,8.32,3.07,18.17,25.66,18.55,25.75,25.7,25.41,-1.06,14.94,23.95,24.5,25.3,17.98,11.2,26.97,21.79,21.39,7.28,17.13,9.28,11.44,25.8,24.28,23.28,24.83,24.96,24.04,16.65,22.11,21.61
1955,11.91,21.31,12.06,4.88,26.77,13.87,6.96,25.53,21.68,4.99,12.26,19.36,8.62,26,27.02,25.18,10.61,25.97,24.79,9.03,5.73,24.15,18.87,24.26,25.82,25.11,8.36,20.41,24.84,-4.87,4.02,7.61,6.22,25.03,23.57,22.93,23.85,22.55,24.59,23.17,22.56,24.99,19.48,6.75,7.6,26.83,25.12,7.43,23.17,22.97,19.26,22.07,25.58,13.74,4.33,22.08,0.12,23.95,10.75,26.54,23.52,8.46,8.15,25.99,24.62,26.86,26.52,22.64,14.72,25.89,-19.06,21.48,24.02,22.46,10.96,23.99,10.07,23.93,23.58,9.85,17.42,21.88,0.77,19.71,12.38,24.25,18.77,11.58,6.5,24.32,0.03,26.09,25.81,25.51,11.84,24.72,21.97,15.46,24.14,21.78,25.78,4.26,25.23,9.69,5.9,7.92,5.09,17.98,14.2,9.09,21.46,26.47,19.86,26.38,10.34,27.37,19.12,22.4,8.86,1.1,22.9,26.66,23.01,21.04,24.29,20.08,25.99,25.81,24.63,8.88,0.08,11.68,26.8,10.12,26.9,20,24.01,17.43,25.01,26.66,22.91,7.2,6.16,15.55,22.38,26.45,8.79,-4.98,18.25,24.19,25.9,27.49,26.3,25.92,24.67,24.34,14.08,25.88,10.19,24.93,24.67,7.03,8.53,1.86,18.09,25.54,19.1,25.82,25.53,25.08,-0.44,16.73,24.01,24.63,25.34,19.33,11.88,26.85,21.62,21.41,8.13,16.73,8.47,13.54,25.79,23.99,22.83,24.89,24.75,23.95,16.36,20.87,19.93
1956,11.68,21.24,11.26,3.24,26.72,13.98,4.29,25.62,21.21,4.33,10.18,19.22,8.07,26.16,27.09,25.04,9.58,25.68,24.78,7.94,4.23,23.64,18.23,23.73,25.88,24.93,8.48,21.46,25.04,-5.69,3.03,7.93,5.71,24.84,23.49,22.96,23.87,22.34,24.49,22.61,22.11,25.06,18.64,6,6.94,26.88,25.19,6.84,23.38,21.54,19.09,21.87,25.28,11.79,3.5,22.1,0.19,24.02,9.46,26.47,23.31,8.11,5.63,25.92,24.67,26.66,26.44,22.49,13.81,25.95,-19.46,20.91,23.88,21.99,10.06,24.17,9.32,23.86,23.48,9.48,16.64,21.21,1.72,19.22,11.34,24.34,18.26,10.87,5.35,24.15,0.4,25.78,25.92,25.63,10.53,25.1,22.07,14.62,23.88,20.89,25.86,3.29,25.42,10.29,4.55,7.23,3.93,16.28,12.94,7.86,21.55,26.39,19.93,26.46,9.73,26.97,18.19,22.41,7.94,-0.13,23.1,25.75,22.86,21.16,24.17,20.62,25.27,25.83,24.14,8.21,-0.46,11.7,26.69,10.12,26.73,19.73,23.88,17.08,24.77,26.61,22.86,6.07,4.52,13.5,21.93,26.33,7.69,-5.16,18.1,23.77,25.95,27.26,26.19,25.91,24.55,24.34,13.22,25.85,8.96,24.63,24.51,6.26,7.87,1.38,19.11,25.51,17.82,25.73,25.52,25.09,-0.1,15.24,24,24.7,25.29,17.87,9.55,26.82,21.59,21.42,6.3,17.18,8.61,12.25,25.9,23.93,22.76,25.03,24.83,23.63,16.85,20.8,20.16
1957,9.83,21.44,12.11,4.39,26.46,14.04,5.71,25.76,22.25,5.94,11.36,19.86,9.75,25.67,26.55,25.58,10.7,25.45,25.3,9.4,6.64,24.33,19.1,24.57,25.88,25.44,8.45,21.29,25.17,-4.89,4.62,8.36,5.68,24.95,23.62,23.18,24.15,23.51,24.85,22.49,22.76,25.35,18.79,7.77,8.71,27.14,25.22,8.13,23.93,21.76,19.91,22.29,25.87,12.67,5.64,22.16,2.41,23.78,10.76,26.79,23.66,9.15,7.74,25.64,24.84,26.71,26.5,22.74,14.42,26.01,-19.42,21.62,24.96,22.72,11.44,24.73,10.76,24.22,23.84,10.21,15.63,21.25,-0.24,19.37,12.19,24.8,18.5,10.97,5.92,24.09,-1.15,26.42,26.7,25.73,10.94,24.52,22.59,14.91,24.06,21.26,25.86,5.17,25.93,10.68,6.99,8.94,6.31,16.66,13.86,9.61,21.85,26.74,20.36,26.77,10.68,26.72,18.4,22.91,9.06,-0.28,23.55,25.66,23.06,21.38,24.53,20.31,25.98,25.49,24.7,9.94,1.3,11.73,26.79,9.52,26.76,19.22,24.84,18.11,25.15,26.8,22.84,8.07,5.75,14.59,22.72,26.32,9.22,-4.64,18.81,23.95,26.35,27.29,26.4,25.92,24.67,24.89,14.05,25.84,10.61,24.66,25.54,7.81,9.22,3.11,19.48,25.78,18.15,26.01,25.18,25.63,-1.73,15.04,24.02,24.25,25.66,18.17,10.95,27.04,21.72,22.17,8.59,16.96,9.07,11.89,25.86,24.84,23.32,24.74,25.12,24.01,17.19,21.14,20.92
1958,12.11,21.42,12.18,4.62,27.02,14.27,6.09,26.29,22.49,5.79,11.47,20.29,9.36,26.83,27.9,25.58,11.37,25.9,24.96,9.64,5.86,24.7,19.32,25.01,26.46,25.64,9.32,21.02,25.57,-4.24,4.45,8.6,6.53,25.45,24.03,23.51,24.29,23.82,25.01,23.14,22.94,25.25,19.23,7.52,8.35,27.76,25.87,7.44,24.3,22.76,20.31,22.46,26.36,13.13,4.31,22.76,0.92,23.77,10.71,26.84,23.75,8.53,7.28,26.54,25.1,26.92,26.58,22.87,14.85,26.59,-19.05,21.96,25.19,23.07,11.69,25.14,10.99,24.53,24.17,9.66,17.76,21.94,-0.6,19.71,12.34,25.09,18.77,11.46,5.64,24.43,-0.1,26.64,26.8,26.3,11.88,25.15,22.38,15.36,24.26,21.68,26.39,4.99,26,10.98,5.91,8.58,5.18,17.54,13.98,9.58,21.68,26.88,19.9,26.78,11,27.75,18.75,23.06,9.01,0.65,23.62,26.86,23.22,21.72,24.86,20.68,26.51,26.53,25.04,9.45,0.33,12.74,26.96,9.75,27.19,20.46,25.03,18.31,25.28,26.88,22.85,7.62,6.89,14.6,23.07,26.79,9.51,-5.52,19.14,24.73,26.72,27.73,26.72,25.75,24.84,25.16,14.42,26.41,10.96,24.85,26.14,7.75,9.27,2.2,19.72,25.99,18.57,26.26,26.06,25.65,-0.68,16.21,24.47,24.35,26.15,18.87,10.96,27.07,22.27,22.5,8.08,17.02,8.91,12.81,26.47,25.22,23.35,24.84,25.2,24.47,17.36,21.1,20.35
1959,11.75,21.51,11.33,4.53,26.26,13.87,5.12,25.99,22.42,6.06,10.45,19.98,10.25,26.72,27.56,24.75,10.01,25.08,25.44,9.29,6.62,24.17,19.46,24.59,26.05,25.38,9.01,21.28,25.75,-5.19,5.04,8.3,6.49,25.49,24.21,23.31,24.13,23.36,24.88,22.31,22.63,25.54,18.11,8.1,9.22,27.38,25.45,8.77,23.87,22.44,20.05,21.5,25.74,13.1,5.84,22.34,2.87,23.84,11.51,26.67,23.87,9.44,6.46,26.49,25.06,26.98,26.56,23.05,13.65,26.16,-19.21,21.44,24.53,22.46,11.59,24.98,11.19,24.21,23.87,10.42,16.82,21.02,-0.23,18.48,12.35,24.91,17.39,11.86,4.78,24.58,-0.15,26.67,26.64,25.99,12.38,24.64,22.53,13.84,24.39,20.82,26.09,5.34,26.18,10.62,7.05,9.64,6.39,17.09,14.32,9.11,21.73,26.95,19.71,26.79,9.76,27.36,18.62,22.59,8.63,0.24,23.49,26.09,23.13,21.47,24.57,20.78,25.86,26.48,24.55,10.28,2.12,12.35,26.89,9.37,26.8,20,24.88,18.13,25.32,26.72,22.6,8.33,7.2,14.76,23.24,25.85,8.82,-4.21,18.82,23.76,26.02,27.74,26.55,25.54,25.11,24.68,14.39,26.23,10.11,25.28,25,8.07,9.42,4.14,19.61,25.98,17.39,26,26.01,25.72,-0.37,14.84,24.02,24.31,25.65,18.5,9.78,27.02,22.12,22.31,7.74,16.74,8.75,11.58,26.08,25.07,23.34,24.71,25.24,23.93,17.19,21.17,20.78
1960,11.27,21.23,12.4,4.32,26.91,14.4,6.47,26.12,21.56,5.76,11.65,19.8,9.67,26.72,27.47,25.36,11.2,25.65,25.01,9.81,6.42,24.29,19.15,24.29,26.09,25.33,9.31,21.42,25.67,-4.42,4.33,8.77,6.41,25.59,24.06,23.18,24.04,23.25,24.7,22.53,22.54,24.85,19.86,7.64,8.68,27.58,25.57,7.81,23.55,22.65,19.95,22.68,26.45,12.91,4.84,22.09,2.2,23.97,10.66,26.83,23.67,8.81,7.76,26.4,25.31,27.11,26.85,22.9,14.72,26.23,-18.12,21.55,24.54,22.31,11.83,24.45,11.05,24.25,23.95,9.67,17.14,22.18,0.19,20.14,12.39,24.63,19.11,11.4,4.53,24.36,-0.52,26.64,26.51,26.1,12.23,25.81,22.55,15.89,24.49,21.79,26.17,4.84,25.7,10.3,6.28,8.95,5.56,17.32,13.63,10.06,21.69,26.58,19.77,26.87,10.86,27.45,19.09,23.1,9.36,0.09,23.42,26.43,23.06,21.42,24.64,20.78,26.38,26.59,24.5,9.88,1.17,12.48,26.76,9.58,27.15,19.98,24.6,18.14,25.42,26.84,22.67,7.82,6.67,14.56,22.82,26.69,9.65,-5.35,18.66,24.78,26.78,27.75,26.58,25.71,25.24,24.36,14.23,25.7,10.8,25.22,25.13,7.93,9.48,2.97,19.34,25.78,18.9,26.53,25.96,25.79,-0.93,15.55,23.96,24.5,25.8,19.12,11.22,26.9,22.07,22.12,8.63,17.2,8.6,11.92,26.14,25.11,23.4,24.66,25.14,24.09,17.24,21.11,20.94
1961,11.35,21.19,12.5,5.41,26.77,14.49,6.25,25.85,22.31,6.4,12.08,19.51,10.25,26.61,27.27,24.9,11.06,25.75,25.13,10.08,6.88,24.37,20.48,24.97,25.96,25.3,8.72,21.34,25.37,-4.98,5.21,8.67,6.51,25.52,23.77,22.95,23.78,23.34,24.95,22.92,22.67,25.3,18.9,8.19,9.23,27.82,25.32,8.43,23.35,22.41,19.76,21.31,25.9,13.89,6.48,22.32,3.33,24.14,11.56,26.65,23.41,9,7.5,26.53,25.14,26.89,26.83,22.72,14.53,26.01,-19.55,21.55,24.6,22.6,12.26,24.41,11.75,24.26,23.31,9.84,16.77,21.4,-0.52,19.01,12.99,24.66,17.81,11.9,6.63,24.33,-0.13,26.44,26.37,25.84,12.5,24.83,22.31,14.52,24.55,20.34,25.83,5.64,25.67,10.92,7.29,9.52,6.92,18.09,14.8,9.82,22.1,26.76,19.82,26.66,10.88,27.38,19.12,22.73,9.42,0.54,23.6,26.87,23.4,21.38,24.64,20.7,25.18,26.16,24.65,10.17,0.9,11.65,26.6,9.65,27.25,19.47,24.71,18.12,25.21,26.69,22.46,8.34,7.28,15.63,24.35,26.43,9.67,-4.39,18.35,24.12,25.48,27.64,26.58,25.55,25.22,24.84,14.75,26.12,11.14,25.13,25.01,8.4,9.8,3.49,19.45,25.91,17.8,25.19,26.09,25.5,-0.4,16.62,23.98,24.42,25.63,18.93,10.47,26.81,22.15,21.93,8.6,17.19,8.5,13.4,25.95,25.04,23.3,24.78,25.13,24.62,17.21,20.99,21.15
1962,11.12,21.25,12.16,4.11,27.23,14.29,6.74,25.89,22.01,4.67,12.22,19.13,8.31,26.44,27.38,24.9,11.04,26.68,24.94,8.94,5.78,24.34,18.97,24.24,25.99,25.27,8.65,21.59,25.13,-4.82,3.48,8.86,6.19,25.32,23.75,22.78,23.83,23.32,24.74,22.95,22.32,25.09,19.74,6.62,7.45,27.69,25.36,6.99,23.49,22.15,19.78,22.52,26.28,12.96,4.59,22.16,1.25,24.02,9.95,26.76,23.54,7.59,8.31,26.2,25.05,26.6,26.59,22.78,14.69,26.13,-19.3,21.55,24.57,22.53,10.84,24.47,10.41,24.24,23.39,8.81,17.03,22.87,-1.13,20.24,12.05,24.56,19.36,11.29,6.81,24,-0.08,26.1,26.3,25.86,11.71,26,21.94,15.86,24.43,21.42,25.89,3.71,25.72,11.06,5.64,7.61,5.1,17.47,13.83,9.48,21.57,26.75,20.15,26.76,10.49,27.43,18.97,22.77,8.85,0.7,23.42,26.63,23.16,21.49,24.55,20.86,26.21,26.3,24.53,8.41,-0.86,11.68,26.94,10.16,27.03,19.58,24.14,18,25.14,26.74,22.66,6.92,6.31,14.78,22.16,26.99,9.16,-3.87,17.97,24.8,26.51,27.56,26.46,25.72,25.07,24.75,13.81,25.94,10.26,25.06,25.04,7.09,8.07,1.38,19.89,25.89,19.36,25.98,25.76,25.28,-0.94,15.65,24.17,24.42,25.69,18.56,11.79,27.13,21.63,21.22,8.39,16.49,8.82,12.65,25.99,25,22.96,24.9,25.03,24.49,17.58,21.3,20.8
1963,12.38,21.05,11.81,3.18,26.94,14.23,6.16,26.02,21.77,5.06,11.36,19.54,8.18,26.85,27.76,25,10.57,26.24,24.95,8.52,5.29,24.71,19.99,24.9,26.19,25.22,8.59,20.76,25.66,-4.6,3.53,8.49,6.47,25.69,24.18,23.06,24.17,23.62,24.78,22.97,22.49,24.95,19.32,6.69,7.43,27.93,25.5,6.76,23.47,22.26,20.25,22.71,26.35,12.28,4.24,22.17,1.61,23.95,9.49,26.73,23.85,7.27,7.49,26.48,25.64,27.07,27.04,23.07,14.44,26.28,-18.94,21.92,24.77,22.83,10.56,24.42,10.28,24.32,23.84,8.45,17.54,21.72,-0.9,20.15,11.62,24.56,19.08,11.19,6.91,23.93,0.69,26.07,26.57,26.01,11.08,25.05,21.87,15.22,24.6,21.69,26.14,4.06,25.74,10.3,5.55,7.46,4.81,16.88,13.6,8.74,21.49,26.73,20.03,26.79,10.09,27.71,19.07,22.62,8.53,1.35,22.98,25.99,22.96,21.26,24.63,20.17,26.65,26.64,24.81,8.15,-0.19,11.69,27.02,9.05,26.98,20.51,24.26,18.27,25,26.71,22.57,6.91,6.22,14.51,24.2,26.64,8.89,-4.46,18.3,24.41,26.5,27.76,26.43,25.64,25.36,25.19,13.55,25.84,10.07,25.55,25.21,7.2,8.25,2.03,19.67,25.87,18.47,26.37,26.03,25.28,0.15,16.42,23.8,24.53,25.8,18.66,11.37,27.15,21.49,21.35,7.44,17.03,8.96,13.38,26.16,25.15,22.95,24.58,25.24,24.35,17.17,21.18,20.46
1964,10.38,21.23,11.44,4.58,26.28,13.95,4.88,25.85,21.82,5.52,10.26,19.33,9.42,26.91,27.54,25.23,10.27,25.29,25.22,8.3,5.8,25.09,19.01,24,25.91,25.35,9.13,21.41,26.37,-5.4,4.53,8.4,6.33,25.5,24.33,23.31,24.23,23.49,24.71,22.73,22.53,25.18,18.47,7.11,8.4,27.78,25.34,7.51,23.65,22.03,20.05,21.5,25.72,13.05,5.14,22.39,2.14,24.29,10.49,26.82,23.69,8.36,6.41,26.57,25.24,26.77,26.7,22.84,13.87,26.06,-19.23,21.99,25.21,23.21,10.38,24.52,10,24.17,23.81,9.57,16.11,20.77,-0.1,18.78,12.05,24.67,17.53,11.41,5.23,24.04,-0.59,26.48,26.35,25.82,12.27,24.26,22.13,14.19,24.47,21.1,25.9,4.93,25.78,10.13,5.96,8.78,5.57,17.4,14.46,8.9,21.43,26.77,19.72,26.68,9.95,27.46,19.04,22.87,8.28,0.46,23.13,26.43,23.04,21.27,24.67,20.51,26.04,26.73,25.03,9.44,0.48,12.35,26.89,9.28,26.58,19.51,24.21,18.06,24.67,26.75,22.68,7.29,6.64,14.72,22.88,25.82,8.63,-5.18,18.15,23.47,25.29,27.47,26.42,25.71,25.16,25.24,13.69,25.95,9.74,25.05,25.54,7.14,8.36,2.79,18.99,25.85,17.41,25.94,26.23,25.4,-1.57,14.84,24,24.83,25.64,18.64,10.41,26.98,21.64,21.63,7.49,16.21,8.4,11.77,25.93,25.09,23.16,25.05,25.18,24.15,17.02,21.29,20.75
1965,11.21,21.21,10.99,3.53,26.58,14.33,5.35,25.66,22.23,4.86,10.93,19.53,8.91,26.65,27.3,24.74,10.29,26.03,24.91,8.33,4.95,24.57,19.21,24.18,25.9,25.09,8.07,21.78,25.95,-5.45,3.55,8.35,6.21,25.33,24.14,23.2,24.05,23.55,24.54,22.54,22.57,25.12,18.71,6.65,7.83,27.4,25.27,7.1,23.42,22.28,20.19,21.66,25.87,12.71,4.5,22.44,1.27,23.56,10,26.59,23.64,7.78,6.93,26.33,25.09,26.11,26.46,22.86,13.88,26.01,-18.5,21.82,25.01,23.09,10.56,24.37,9.76,24.1,23.8,8.82,17.18,21.61,-1.01,19.47,11.61,24.63,18.49,10.12,6.65,24.3,0.34,26.33,26.5,25.62,11.35,25.07,22.24,14.76,24.2,20.84,26.01,4.2,25.55,10.1,5.35,8.1,4.81,17.14,13.78,8.47,21.07,26.62,19.83,26.65,9.47,27.16,18.7,22.37,7.66,1.51,22.75,26.09,23.08,20.86,24.39,20.47,26.18,26.61,24.96,9.05,-0.71,11.53,26.48,8.81,26.63,20.23,24.34,18.2,24.41,26.65,22.25,6.75,5.94,14.63,22.69,26.6,8.47,-5.26,18.38,24.07,25.95,26.96,26.28,25.29,25,25.37,13.76,25.67,9.81,25.01,25.8,6.39,8.1,1.69,19.17,25.67,18.21,26.4,25.95,25.5,-0.77,16.04,23.85,24.12,25.58,18.68,10.76,26.71,21.63,22.04,7.2,17.2,8.54,12.99,25.92,24.94,23.01,24.3,24.99,24.13,17.16,21.16,20.66
1966,11.62,21.74,11.77,4.24,26.87,14.13,7.67,25.94,21.53,6.11,12.88,19.64,9.73,26.83,27.85,24.96,11.5,26.6,24.69,9.25,6.69,24.31,19.46,24.19,26.18,24.95,8.77,21.51,26.4,-5.1,4.41,8.29,6.22,25.71,24.46,23.49,24.4,23.62,25.07,23.05,22.69,24.72,19.39,8.11,8.79,27.94,25.51,7.3,23.57,22.77,20.17,22.35,26.4,13,4.14,22.72,0.09,23.71,10.75,26.86,23.93,8.21,9.37,26.67,25.43,26.55,26.9,23.1,14.81,26.31,-20.26,21.55,25.38,22.88,11.64,24.47,11.35,23.95,23.84,9.34,17.9,22.51,-1.83,19.96,12.09,24.71,19.08,10.46,6.13,24.7,-0.05,26.44,26.83,25.89,11.6,25.71,22.6,15.49,24.73,21.41,26.22,4.86,25.94,11.2,6.15,9.1,5.15,17.71,13.98,10.31,21.8,26.83,19.48,26.88,10.55,27.96,18.89,22.62,8.52,0.35,23.62,26.77,23.35,21.67,24.26,20.84,26.51,26.76,24.99,9.66,-1.35,12.11,26.75,9.24,26.71,20.08,24.49,18.27,24.94,26.8,22.46,8.14,6.04,14.8,23.41,26.99,10.01,-5.7,18.52,24.72,26.45,27.42,26.44,25.52,25.42,25.12,14.25,26.05,10.9,25.46,26,8.21,9.44,1.11,19.53,25.95,19.08,26.58,26.27,25.42,-0.54,16.61,24,24.09,25.92,19.09,12.61,27.12,22.22,22.12,9.46,16.45,8.42,13.4,26.22,25.26,23.21,24.28,25.32,24.4,17.6,21.73,21.05
1967,11.03,21.1,11.82,4.52,26.52,14.43,4.98,25.76,21.72,5.99,11,19.54,9.64,26.28,27.51,24.68,10.75,25.5,24.82,9.2,6.7,24.69,19.65,24.25,26,25.11,8.27,20.66,24.99,-5.36,4.29,8.21,5.8,25.32,23.49,22.91,23.59,23.35,24.96,22.63,22.45,25.03,18.08,8.31,9.2,27.35,25.28,8.55,23.59,22.39,19.86,21.43,25.72,13.02,5.47,21.96,2.35,23.98,10.63,26.82,23.47,8.89,6.73,26.18,24.96,26.36,26.39,22.85,14.23,26.12,-19.09,21.78,24.7,22.99,11.49,24.53,10.93,23.93,23.79,9.3,16.67,20.58,-0.52,18.65,12.24,24.98,17.25,11.15,6.17,24.16,-0.52,26.01,26.52,25.72,11.58,23.81,22.03,13.36,24.48,20.82,25.98,4.63,25.75,10.39,6.95,8.8,6.14,17.16,14.45,9.72,21.86,26.71,19.97,26.8,10.28,27.3,18.91,22.66,8.74,0.16,23.3,26.13,23.47,21.35,24.32,20.12,25.93,26.22,24.87,10.16,1.46,11.65,26.69,9.71,26.59,19.59,24.27,17.83,24.98,26.65,22.32,8.76,6.16,14.43,23.76,26.17,9.36,-3.8,18.5,23.61,25.92,27.04,26.22,25.58,25.08,25.45,14.29,25.77,10.51,25.2,25.26,8.19,9.32,3.13,19.04,25.86,16.88,25.54,25.61,25.31,-1.05,15.73,23.8,24.5,25.67,18.85,10.1,26.92,21.99,21.77,8.42,17.5,8.79,12.57,26.03,24.78,22.93,24.72,25.06,24,16.98,21.31,20.71
1968,11.03,21.2,12.04,4.55,26.21,14.71,6.04,25.81,21.37,5.54,11.6,19.45,8.97,26.43,27.59,24.72,10.96,25.67,24.52,9.21,5.56,24.29,19.29,23.9,26.03,25.13,8.23,21.34,25.07,-4.68,4.13,8.65,6.09,25.46,23.62,23.03,23.79,23.35,24.68,22.44,22.38,24.62,18.78,7.57,8.4,27.3,25.35,7.98,23.48,22.72,19.92,22,25.9,13.32,4.67,22.07,0.76,23.86,10.35,26.89,23.59,8.61,7.42,26.28,25.25,26.4,26.56,22.9,14.56,26.1,-18.37,21.54,24.73,22.7,11.4,24.36,10.87,24.04,23.61,9.47,16.94,21.53,-0.29,19.54,11.96,24.82,18.69,11.15,5.58,23.72,-0.14,26.51,26.5,25.76,11.58,24.83,22.41,14.42,24.46,21.49,26.07,4.76,25.81,9.93,5.87,8.13,5.19,17.39,13.99,9.53,21.57,26.61,19.57,26.71,10.75,27.72,18.96,22.54,8.81,-0.18,23.17,26.43,23.22,21.39,24.48,20.39,26.48,26.26,24.6,9.37,0.46,11.51,26.87,9.57,26.67,19.7,24.34,17.77,25.19,26.95,22.59,7.96,6.39,14.81,23.5,26.22,9.53,-5.11,18.44,24.26,26.17,27.37,26.4,25.71,25.2,24.96,14.03,25.56,10.71,25.26,25.25,7.82,8.85,2.16,18.43,25.83,17.99,26.15,25.8,25.68,-0.56,15.73,24.12,24.61,25.68,19.12,11.06,26.95,21.54,21.74,8.15,17.23,8.43,12.39,26.01,24.82,23.27,24.6,25.3,24.01,16.55,21.38,20.92
1969,11.61,21.4,12.09,3.89,26.93,14.72,5.43,26.34,21.92,5.38,10.13,19.86,9.22,26.66,28.12,25.02,10.29,25.84,24.76,8.85,4.49,24.84,20.1,24.77,26.56,25.41,8.95,21.48,25.14,-4.35,3.93,8.56,6.03,25.67,23.8,23.38,23.97,23.79,25.11,23.47,23.08,24.99,18.73,7.14,8.03,28.11,25.95,7.6,24.08,23.08,20.42,22.51,26.76,12.54,3.74,22.91,0.95,23.99,10.32,26.93,23.86,8.56,6.75,26.57,25.48,27.37,27.17,23.18,14.59,26.7,-18.59,22.28,24.93,23.15,10.88,24.95,10.18,24.34,24.28,9.21,17.06,21.84,-0.44,19.87,11.81,25.44,19.18,10.79,3.85,24.59,-0.4,26.79,26.81,26.33,11.02,25,22.66,14.79,24.62,22.11,26.69,4.56,26.23,10.83,4.68,8.19,4.17,17.32,13.69,8.16,22.09,27.05,20.2,26.82,10.57,28.39,18.57,23.1,8.78,-0.82,23.73,26.99,23.79,21.84,24.72,20.76,27.48,26.55,25.16,9.43,0.95,12.13,26.94,9.76,27.39,20.37,24.87,18.52,25.5,26.9,22.68,6.86,5.56,14.19,23.97,26.61,8.56,-6.16,18.79,24.94,27.02,28.22,26.59,25.87,25.2,25.15,13.69,26.38,9.97,25.29,25.59,7.34,8.57,2.35,19.46,26.16,18.14,26.94,26.13,25.9,-0.95,13.66,24.41,24.22,26.25,18.72,11.19,27.14,22.35,22.28,6.85,17.33,8.69,10.8,26.6,24.95,23.57,24.91,25.38,24.66,17.35,21.28,20.68
1970,12.46,21.59,12.02,4.33,26.73,14.6,6.71,26.06,21.87,5.26,11.97,19.79,9.18,26.84,28.23,24.98,10.99,26.14,24.71,9.03,5.7,24.51,19.58,24.47,26.29,25.36,8.81,22.32,25.26,-4.99,3.79,8.38,5.96,25.8,23.76,23.34,24.04,23.46,25,23.12,22.54,24.86,18.92,7.18,7.97,27.97,25.63,7.22,23.79,22.98,20.18,21.81,26.38,13.18,4.32,22.76,1.62,24.23,10.39,27.04,23.85,8.72,7.66,26.77,25.57,27.25,27.04,23.16,14.66,26.45,-18.59,21.85,24.56,22.77,11.19,24.7,10.26,24.27,23.76,9.45,17.99,21.83,-0.34,19.44,12.06,25.05,18.59,10.87,5.7,24.54,-0.07,26.69,26.35,26.02,11.28,25.08,22.55,14.55,24.73,21.24,26.34,4.23,26.07,10.92,5.51,8.1,4.87,17.76,14,9.63,21.84,26.96,19.87,26.81,10.6,28.22,18.85,22.93,8.78,-0.23,23.72,27.49,23.47,21.65,24.67,21.07,26.54,26.53,24.66,9.34,0.79,12.33,27.03,10.53,27.2,20.46,24.44,18.18,25.51,27.06,22.83,7.11,5.95,14.54,23.71,26.51,9.19,-4.96,18.66,24.51,26.07,28.25,26.61,25.94,25.37,25,14.13,26.34,10.26,25.24,25.15,7.38,8.78,2.13,19.76,26.09,18.3,26.17,26.31,25.74,-0.06,16.09,24.4,24.71,25.92,19.02,11.7,27.09,21.94,21.97,8.21,17.38,8.61,12.71,26.34,24.63,23.36,25.09,25.27,24.44,17.49,21.52,21.52
1971,12.7,21.27,11.73,4.02,26.37,14.14,6.03,25.66,21.53,5.81,11.88,19.22,9.37,26.56,27.92,24.38,10.54,25.74,24.89,9.09,6.4,24.73,18.82,23.95,25.82,25.06,8.52,21.56,24.88,-4.81,4.35,7.95,6.22,25.27,23.52,22.98,23.76,22.91,24.57,22.45,22.21,24.94,18.44,7.76,8.75,27.08,25.22,8.35,23.5,22.26,19.72,21.88,25.39,12.37,5.47,22.11,1.24,24.16,10.34,26.71,23.66,9.14,7.6,26.26,25.12,26.89,26.64,22.92,14.05,26.02,-20.19,21.99,24.17,22.86,11.19,24.14,10.64,23.93,23.36,10.05,17.47,21.22,-0.01,19.25,11.97,24.63,18.29,10.96,6.55,24.25,0.38,25.86,25.83,25.65,11.49,24.53,21.73,14.03,24.38,21.37,25.95,4.79,25.82,10.49,6.87,8.5,6.21,16.48,14.12,9.44,21.59,26.64,19.94,26.51,10.21,27.75,18.54,22.42,8.66,0.15,23.29,26.23,23.27,21.22,24.35,20.52,26.7,26.36,24.53,9.79,1.27,11.76,26.6,10.55,26.71,20.41,24.06,17.67,25,26.64,22.64,8.21,6.05,13.89,22.56,26.11,9.2,-4.39,18.14,23.83,25.83,27.63,26.28,25.67,25.02,24.93,13.92,25.78,10.43,25.04,24.67,7.84,9.01,2.85,19.27,25.68,17.63,26.26,25.88,25.02,0.05,16.46,24.01,24.71,25.53,18.52,11.02,26.76,21.6,21.7,8.3,16.85,8.37,13.37,25.91,24.3,22.76,24.96,24.89,23.59,17.04,21.13,21.02
1972,10.13,21.24,11.85,3.58,26.21,14.23,4.79,25.75,21.98,5.4,10.46,19.23,8.83,26.84,28.18,25.24,10.6,25,25.25,9.38,6.6,24.87,19.79,24.46,25.99,25.43,8.92,21.25,25.41,-6.83,4.03,8.4,6.14,25.64,23.84,23.15,23.94,23.47,24.98,22.1,22.78,25.1,17.98,7.45,8.08,27.38,25.35,8.11,23.76,22.19,20.6,22.1,26.05,12.12,5.86,22.56,3.22,23.84,10.04,26.59,23.73,8.53,6.97,26.59,25.44,27.31,27.03,23.04,14.13,26.18,-18.91,22.27,24.65,23.37,11.2,24.45,10.71,24.32,24.06,9.09,15.82,20.64,1.1,19.09,11.85,24.74,17.98,11.65,4.59,24.69,-1.1,26.45,26.61,25.7,11.76,23.66,22.33,13.75,24.72,21.87,26.1,4.6,26.24,10.71,6.69,7.86,6.28,15.9,13.52,9.28,21.93,26.95,20.23,26.54,10.38,27.93,18.43,23.01,9,0.57,23.16,26.23,23.68,21.44,24.73,20.7,27.21,26.65,25.04,9.19,2.17,12.19,26.8,9.87,26.55,19.49,24.7,18.51,25.17,26.68,22.64,7.82,6.48,13.56,23.79,25.66,9.29,-5.16,18.18,23.98,26.37,28.16,26.6,25.61,25.37,25.77,13.89,26.14,10.53,25.21,25.36,7.97,8.76,3.7,19.24,26.14,16.91,26.83,26.24,25.69,-1.91,14.06,23.97,24.26,25.68,18.41,10.16,26.93,21.67,21.92,8.36,17.3,8.32,10.97,26.05,24.59,23.34,24.57,25.18,24.21,17.42,21.21,20.55
1973,11.99,21.78,11.67,4.14,26.83,14.04,5.11,25.84,22.02,5.41,10.85,19.74,9.27,27.2,28.55,25.09,10.15,25.69,24.96,8.83,6.08,24.84,19.69,24.52,26.15,25.72,9.21,21.58,25.61,-4.01,4,8.35,6.52,26.09,24.14,23.56,24.23,23.59,25.02,22.48,22.69,24.98,18.58,7.66,8.5,27.77,25.43,8.51,23.93,22.42,20.14,21.86,26.32,12.79,5.54,22.87,1.97,24.41,10.28,26.86,23.99,8.78,6.55,27.02,25.72,27.55,27.14,23.26,14.08,26.24,-19.42,22.25,24.72,23.28,10.96,24.48,10.49,24.49,24.09,9.75,17.39,21.46,-0.72,19.35,12.05,24.84,18.49,11.39,6.28,25.11,0.34,26.74,26.3,25.83,11.98,24.83,22.71,14.2,25.23,21.2,26.2,4.48,26.46,10.53,6.56,8.47,6.02,17.21,13.97,9,22.12,26.96,19.6,26.59,9.83,27.93,18.65,23.04,8.54,1,23.43,26.79,23.67,21.68,24.93,21.03,26.9,27.12,24.88,9.73,1.4,12.25,26.95,10.37,27.01,20.09,24.65,18.23,25.65,26.86,22.99,7.89,6.58,14.42,23.46,26.39,8.78,-4.26,18.66,24.74,26.58,28.32,26.77,26.08,25.88,25.21,13.87,26.19,10.05,25.64,25.22,7.69,8.6,3.22,19.19,26.1,17.75,26.8,26.65,25.79,-0.2,15.87,24.53,24.9,25.77,18.85,10.59,27.03,22.17,22.4,7.8,17.03,8.88,12.74,26.14,24.72,23.75,25.16,25.21,24.42,17.24,21.55,20.93
1974,10.96,20.85,11.76,3.91,26.71,14.04,5.21,25.31,20.57,6.04,11.07,19.28,9.62,26.41,27.6,24.63,10.54,25.4,24.9,9.29,6.73,24.41,18.98,23.84,25.63,25.13,8.93,20.1,24.71,-5.61,4.46,8.15,6.13,25.42,23.33,22.91,23.6,23.14,24.47,22.11,22.22,25.06,18.55,8.43,9.07,27.15,24.9,8.75,23.47,21.82,19.51,21.82,25.55,12.69,6.3,22.29,3.63,24.21,10.61,26.64,23.41,8.79,6.87,26.4,25.09,26.81,26.58,22.67,14.15,25.81,-19.08,21.83,24.18,22.75,11.51,24.15,11.06,24.17,23.87,9.36,16.51,21.24,0.66,19.3,12.01,24.67,18.34,10.86,5.46,24.52,-0.81,26.25,25.93,25.3,10.96,24.44,22.05,14.41,24.61,21.23,25.67,5.12,26.04,9.86,6.89,8.81,6.53,16.91,13.64,9.61,21.62,26.55,19.86,26.45,10.27,27.07,18.32,22.61,8.69,-0.13,22.86,25.96,23.02,21.06,24.49,19.41,26.2,26.13,24.4,10,2.44,12.21,26.72,10.37,26.97,19.86,24.37,17.73,25.16,26.65,22.64,8.28,5.8,14.18,22.71,26.24,9.23,-5.13,18.16,24.31,25.69,27.38,26.37,25.84,25.28,25.12,14.1,26.03,10.51,25.13,24.82,8.27,9.4,4,19.55,25.46,17.85,25.87,25.86,25.31,-1.29,14.68,23.96,24.8,25.41,18.51,10.7,26.9,21.86,21.95,8.42,16.92,8.84,11.68,25.67,24.34,23.13,24.91,24.95,24.04,16.66,20.69,19.86
1975,11.04,21.13,11.77,4.14,26.79,14.23,5.56,25.47,21.21,6.02,11.74,19.17,9.58,26.23,27.45,24.85,10.83,25.52,25.26,9.4,7.92,24.73,19.25,23.99,25.6,25.33,9.01,20.81,24.77,-4.93,4.33,8.11,6.59,25.36,23.35,22.91,23.69,23.01,24.65,22.26,22.35,25.3,18.38,8.4,9.14,27.21,24.93,9.23,23.57,22.09,19.67,21.47,25.55,12.7,7.03,22.32,3.26,24.24,10.46,26.59,23.46,9.11,7.22,26.26,25.18,26.88,26.63,22.69,14.16,25.8,-19.75,22.16,24.19,23.05,11.66,24.28,11.18,24.19,23.5,9.98,16.88,21.33,-0.43,19.19,12.13,24.72,18.09,11.38,6.81,24.42,-0.53,26.18,25.75,25.45,12.21,24.57,22.09,14.16,24.53,21.05,25.7,4.74,25.92,10.17,8.09,8.83,7.53,17.04,13.85,10.7,21.58,26.6,19.76,26.27,10.23,27.26,18.48,22.76,8.82,0.76,23.06,26.26,23.32,21.37,24.56,20.46,26.23,25.95,24.66,10.12,2.32,12.29,26.41,10.12,26.96,19.51,24.05,17.64,25.25,26.64,22.61,8.95,7.07,14.13,23.08,26.22,9.76,-3.56,18.1,24.17,25.76,27.57,26.49,25.76,25.3,25.06,14.26,26.04,10.62,24.98,24.74,8.49,9.61,4.25,18.69,25.6,17.64,26.02,25.7,25.4,-1.12,16.12,24.07,24.64,25.37,18.71,10.64,26.76,21.99,21.87,9.61,17.11,8.4,12.97,25.68,24.42,23.09,24.87,24.91,24.17,16.7,21.07,20.2
1976,11.63,20.79,11.24,3.86,26.48,13.68,5.31,25.38,20.95,5.55,10.94,19.4,9.86,26.16,27.23,25.05,9.84,25.15,24.74,8.47,4.79,24.11,19.05,24.04,25.58,25.29,9,20.43,24.86,-4.85,4.19,8,5.91,25.13,23.43,22.91,23.55,23.21,24.62,22.12,22.43,24.86,18.33,7.74,8.73,27.48,24.93,8.04,23.48,21.66,20.07,21.79,25.91,12.72,3.85,22.46,0.65,24.01,10.85,26.47,23.32,9.1,6.39,26.07,24.87,26.83,26.41,22.62,13.58,25.75,-18.33,21.57,24.51,22.6,10.68,24.27,10.24,24.23,23.86,9.71,16.76,21.13,0.44,19.21,11.7,24.76,18.12,10.79,4.64,24.59,-0.24,26.18,26.11,25.36,11.27,24.39,21.93,14.08,24.27,21.2,25.62,4.72,26.25,9.94,4.98,9.08,4.32,16.43,13.66,8.27,22.04,26.7,19.42,26.29,9.77,26.88,18.22,22.55,8.04,-0.31,23,25.46,23.68,21.23,24.59,19.69,26.71,26.17,24.61,10.01,1.01,12.33,26.42,9.4,27.07,19.67,24.31,17.9,25.06,26.63,22.59,7.11,5.89,14.34,22.53,25.9,8.24,-5.44,18.2,24.31,26.45,27.47,26.43,25.59,24.97,25.17,13.52,26.01,9.53,24.6,25.07,7.44,8.57,2.25,19,25.78,17.33,26.83,25.59,25.28,-0.37,14.82,23.94,24.29,25.4,18.07,10.04,26.77,22.16,21.97,6.64,16.47,8.55,11.62,25.62,24.4,22.89,24.72,24.97,24.23,16.52,20.68,20.04
1977,12.71,21.59,12.4,4.43,27.32,14.74,5.57,25.77,21.62,6.01,11.24,19.86,9.5,26.77,27.84,24.78,10.89,25.43,24.92,9.75,5.95,24.55,19.71,24.36,25.95,25.58,8.93,21.32,25.16,-3.87,4.61,8.88,6.17,25.85,23.92,23.29,23.95,23.58,25.15,22.53,22.89,25.01,18.79,8.07,8.9,27.62,25.32,8.27,23.99,22.93,20.65,21.59,25.83,12.92,4.78,22.56,1.52,23.73,10.59,26.84,23.79,8.68,6.83,26.84,25.6,27.73,27.11,23.1,14.85,26.1,-18.6,22.04,24.65,23.18,11.73,24.8,10.65,24.42,23.94,9.53,17.81,21.98,0.25,19.43,12.29,25.18,18.53,11.27,6.31,24.3,0.38,26.83,26.71,25.78,12.06,25.27,22.09,14.41,24.85,21.4,25.94,5.4,26.11,10.94,6.13,8.69,5.44,17.36,13.77,9.34,22.37,26.87,20.16,26.75,11.13,27.88,18.81,22.77,9.25,0.47,23.56,26.85,23.95,21.85,24.85,20.45,25.89,26.46,25.08,9.85,1.07,12.54,26.91,9.24,27.27,20.56,24.75,18.24,25.41,26.77,22.84,8.03,6.77,14.14,23.93,26.63,9.33,-5.03,18.77,24.74,25.54,28.5,26.53,25.64,25.55,25.58,14.22,26.08,10.74,25.11,25.28,7.89,9.35,2.48,19.62,26.03,17.96,25.87,26.37,25.74,0.38,15.98,23.95,23.9,25.8,19.62,10.85,27.08,22.19,22.13,7.89,17.64,9.21,12.83,26,24.95,23.15,24.46,25.2,24.3,17.28,21.63,20.78
1978,12.2,21.34,11.32,4.08,26.8,14.66,5.82,25.91,21.32,5.03,11.47,19.74,8.79,26.56,28.02,24.74,10.14,25.77,25.05,8.47,5.16,24.69,19.78,24.19,26.07,25.8,8.81,20.76,25.03,-5.36,4.08,8.96,6.48,25.67,23.74,23.38,23.98,23.5,24.93,22.74,22.77,24.78,18.84,7.06,8.01,27.92,25.43,7.82,23.85,22.64,20.6,21.92,26.05,12.67,3.89,22.54,0.49,23.81,10.13,26.9,23.77,8.58,7.03,26.51,25.53,27.34,26.88,23.04,13.97,26.14,-18.96,22.16,24.66,23.18,10.56,24.6,9.67,24.54,23.65,9.61,17.6,22.26,0.1,19.63,11.59,24.93,18.95,11.46,6.2,24.06,0.39,26.79,26.66,25.9,12.48,25.18,22.34,14.83,24.68,21.49,26.14,4.6,26.18,10.52,5.41,7.82,4.64,17.61,13.51,8.67,22.34,26.65,20.09,26.74,9.91,27.95,18.14,22.92,8.2,0.97,23.25,26.79,23.67,21.47,25.06,20.03,26.95,26.31,25.01,9.18,0.8,12.05,27.07,10.33,27.13,20.06,24.33,18.13,25.52,26.85,23.12,7.12,6.8,12.9,24,26.5,8.43,-4.79,18.74,24.86,26.12,28.13,26.72,25.81,25.31,25.36,13.27,26.2,9.59,24.87,25.22,6.86,8.22,1.95,19.26,25.91,18.38,26.37,26.06,25.91,0.16,15.58,24.29,24.13,25.82,18.77,11.1,27.09,21.97,22.14,7.3,17.11,8.72,12.42,26.06,24.95,23.34,24.64,25.11,24.54,17.14,21.12,20.24
1979,11.81,21.57,11.93,4.03,27.4,14.45,6.84,25.86,22.03,5.4,12.43,19.94,8.54,26.76,27.92,25.67,10.71,26.14,25.01,9.43,5.85,24.79,19.62,24.24,26.16,25.93,9.16,21.62,25.07,-4.91,4.13,8.99,6.46,25.83,23.81,23.47,24.07,23.61,25.12,23.18,22.73,24.8,19.03,7.39,7.87,27.89,25.45,6.89,23.55,22.74,20.62,22.55,26.56,13.02,4.9,22.67,1.83,23.81,10.13,26.9,23.85,7.88,8.11,26.64,25.67,27.5,27.18,23.16,14.39,26.21,-19.23,22.13,24.78,23.27,11.47,24.35,10.66,24.63,24.3,8.73,17.36,22.98,-1.38,19.93,11.93,24.67,19.33,11.64,6.41,24.15,0.51,27.16,26.8,25.83,12.22,26.03,22.79,15.13,24.95,21.77,26.22,4.65,26.71,10.85,5.67,7.77,5.32,17.38,13.79,9.67,22.19,26.91,20.12,26.84,10.45,28.11,18.81,23.5,8.72,1.01,23.42,27.25,23.89,21.55,25.14,20.64,27.03,26.63,25,8.57,0.6,12.48,27.06,10.08,27.52,19.91,24.46,18.41,25.52,26.87,23.09,7.25,6.83,14.41,23.23,26.94,9.29,-5.3,18.99,25.47,26.95,28.54,26.76,25.76,25.66,25.52,13.88,26.2,10.57,25.3,25.34,7.75,8.84,2.1,19.41,26.11,18.73,26.61,26.28,26.22,0.26,16.31,24.64,24.39,25.9,19.01,11.48,27.21,21.95,22.45,8.28,17.04,8.64,13.22,26.13,25.07,23.61,24.55,25.34,24.91,17.41,21.04,20.58
1980,12.43,21.96,11.34,4.02,27.58,14.68,6.31,26.18,22.47,4.78,11.71,19.93,8.77,27.33,28.58,25.09,9.93,26.06,25.06,8.39,4.91,24.81,19.74,24.5,26.31,25.84,9.14,21.27,25.27,-4.41,3.66,8.72,6.33,25.85,23.91,23.54,24.03,23.84,24.99,23.07,22.95,25.11,18.51,6.68,7.76,28.22,25.64,7.56,24.06,22.71,20.78,22.08,26.71,12.98,4.48,23.08,1.27,24.01,9.82,26.8,23.85,8.57,7.44,26.77,25.91,27.73,27.24,23.18,14.01,26.29,-18.22,22.13,24.8,23.21,10.37,24.86,9.27,24.7,24.24,9.43,17.66,22,0.96,19.5,11.35,25.28,18.85,10.77,5.9,25,0.81,27.12,26.75,26.17,10.81,25.31,22.91,14.46,24.88,21.52,26.37,4.04,26.63,11.01,5.14,7.73,4.76,17.8,13.27,8.06,22.2,26.96,20.49,26.73,9.9,28.46,18.15,23.42,8.16,0.38,23.36,27.14,23.76,21.52,25.09,20.78,27.08,26.7,24.98,9.2,1.12,12.42,27.02,9.9,28.03,20.61,24.82,18.44,25.48,26.79,23.07,6.53,5.76,14.56,23.23,26.87,8.14,-4.86,19,25.39,26.75,28.62,26.77,25.8,25.53,25.64,13.05,26.46,9.55,25.07,25.47,6.55,8.03,2.13,19.15,26.12,17.88,26.5,26.61,26.23,0.48,15.9,24.49,24.36,25.87,18.52,10.78,27.24,22.19,22.68,6.89,17.72,9.09,12.64,26.24,25.02,23.67,24.68,25.43,25.26,17.48,21.4,20.73
1981,12.19,21.76,11.57,4.75,27.47,14.59,6.53,26.15,21.96,5.7,12.1,19.89,9.17,27.16,28.21,24.73,10.65,26.02,24.7,9.04,6.61,24.6,19.52,24.37,26.33,25.83,8.9,20.76,25.15,-2.75,4.33,8.76,6.39,26.01,23.74,23.46,24.04,23.51,24.99,22.91,22.72,24.65,18.87,7.74,8.36,28.11,25.68,7.57,23.69,23.02,20.6,21.84,26.56,13.68,5.26,22.66,1.22,23.9,10.57,26.93,23.88,8.46,8.02,27.02,25.52,27.58,27.17,23.18,14.27,26.37,-19.43,21.92,24.77,23.06,11.29,24.41,10.7,24.64,23.77,9.6,17.28,22.28,-0.2,19.29,11.91,25.14,18.67,10.65,6.95,24.63,0,26.85,26.48,26.16,11.1,25.82,22.59,14.61,24.94,21.61,26.41,4.62,26.29,10.54,6.41,8.31,5.85,18.05,13.79,9.53,22.07,26.84,20.13,26.71,10.05,27.99,18.43,23.09,8.47,0.4,23.05,27.24,23.75,21.43,25.08,20.53,26.39,26.4,24.77,9.38,0.5,11.75,27.06,10.46,27.69,20.36,24.62,18.17,25.39,26.96,23.14,7.79,6.08,15.26,23.31,26.92,9.17,-3.59,18.93,25.28,26.47,28.53,26.73,25.85,25.4,25.31,13.75,26.09,10.4,25.3,25.49,7.86,8.95,1.98,18.81,26.01,18.17,26,26.65,25.8,-0.04,16.33,24.52,24.31,26.02,19.43,11.41,27.12,22.21,22.52,8.83,17.41,9.68,13.17,26.31,24.92,23.6,24.61,25.23,24.98,16.85,21.34,20.13
1982,10.82,21.54,12.28,4.93,26.44,14.62,4.76,25.66,21.8,6.1,10.51,20.04,9.79,26.87,27.93,24.99,10.46,24.85,25.29,9.73,6.63,24.92,19.7,24.5,25.99,25.82,8.78,21.95,25,-5.76,4.82,8.86,6.6,25.75,23.72,23.42,23.94,23.43,25.3,22.67,23.02,25.36,18.18,8.15,8.98,27.97,25.22,8.36,23.47,22.49,20.76,21.54,25.97,13.63,5.65,22.62,2.13,23.94,11.16,26.76,23.74,9.1,6.66,26.76,25.31,26.97,26.89,23.05,14.17,25.96,-19.68,22.26,24.88,23.31,11.74,24.48,10.67,24.63,23.79,9.75,15.94,20.84,0.61,18.7,12.56,25.32,17.52,11.43,6.49,24.62,-0.31,26.64,26.83,25.64,12.08,24.77,22.52,13.66,24.79,21.29,26.01,5.34,26.48,11.23,6.81,8.82,6.18,17.37,14.32,9.57,22.06,26.95,20.54,26.58,10.55,27.63,19.15,22.86,9.23,1.37,23.34,26.4,23.52,21.49,25.03,20.81,26.6,26.56,24.96,10.06,1.93,11.92,27.05,9.63,27.32,19.53,24.57,18.38,25.28,26.85,22.85,8.37,6.95,14.75,23.33,25.77,9.17,-4.56,19.05,24.2,25.95,27.9,26.65,25.74,25.38,25.77,14.36,26.28,10.54,25.02,25.52,8.09,9.4,3.28,19.3,26.33,16.99,26,26.35,25.77,-0.92,14.91,24.01,24.23,25.64,19.65,10.12,27.15,22.21,22.39,8.27,17.67,8.5,12.07,25.89,24.77,23.45,24.61,25.39,24.92,17.54,21.47,21.19
1983,11.74,22.04,11.67,5.3,26.24,14.3,5.59,26.05,22.04,6.38,11.42,20.34,9.81,27.4,28.63,24.81,10.68,24.55,25.07,9.44,7.52,25.18,19.79,24.78,26.26,26.12,8.56,22.37,25.57,-4.66,4.96,8.89,6.31,26.29,24.15,23.97,24.42,23.76,25.32,23.04,23.4,25.11,18.07,8.58,9.11,28.29,25.58,8.71,24.09,23.12,20.98,21.33,26.14,13.65,6.41,22.94,2.37,24.06,10.91,26.74,24.13,9.22,7.16,27.44,25.86,27.91,27.47,23.38,13.87,26.33,-20.58,22.51,25.18,23.78,11.75,25.05,11.19,24.91,23.57,10.04,16.68,21.38,0.08,18.57,12.28,25.68,17.71,11.22,7.92,25.15,0.34,27.08,26.57,26.07,11.93,25.03,22.58,13.6,25.11,21.12,26.3,5.37,26.98,11.64,7.62,8.84,7.04,18.43,14.29,10.25,22.47,27.22,20.04,26.51,10.09,28.45,18.69,22.88,8.66,0.8,24.12,27.96,23.42,22.39,25.41,21.18,26.46,26.85,25.5,10.14,2.1,11.71,26.94,9.57,26.88,19.55,24.93,19.14,25.69,26.8,23.29,8.98,6.95,14.72,22.59,25.78,9.61,-3.36,19.33,24.3,25.89,29.1,27.04,25.82,25.74,25.97,14.2,26.61,10.82,25.34,25.95,8.57,9.56,3.52,20,26.4,17.19,25.96,26.89,26.11,0,16.79,24.54,24.23,25.91,19.45,10.25,26.91,22.64,22.75,9.05,17,8.88,13.8,26.24,25.31,23.42,24.9,25.22,24.57,17.97,22.29,22.08
1984,11.63,21.73,11.88,3.7,27,13.7,5.53,25.51,21.37,5.22,10.97,19.72,9.13,27.19,28.48,24.8,10.5,25.27,24.76,9,6.27,24.58,19.52,24.39,25.77,25.5,9.08,22.26,24.96,-4.54,3.76,8.2,6.05,26.01,23.87,23.37,24.12,22.99,24.66,22.52,22.56,24.92,18.54,7.35,8,27.87,25.02,8.21,23.57,22.35,19.99,22.01,26.71,12.71,5.92,22.84,2.81,24.25,10.19,26.83,24.06,9.03,7.14,27.03,25.52,27.45,27.08,23.25,14.23,25.79,-19.61,21.93,24.38,23.02,10.98,24.61,10.29,24.4,23.77,9.65,16.46,21.54,1.4,19.13,11.54,25.14,18.28,10.67,5.08,24.74,-0.43,26.72,26.17,25.48,11.31,25.25,22.43,14.19,24.86,21.42,25.86,4.19,25.99,11.02,6.66,7.99,6.26,17.56,13.33,9.06,21.78,26.6,19.88,26.71,10.4,27.94,18.35,22.92,8.68,-0.69,23.32,26.74,23.02,21.58,24.64,21.3,26.65,26.82,24.73,9.35,2.15,12.4,26.96,10.43,27.36,20.02,23.97,17.97,25.3,26.82,22.95,7.76,6.01,14.35,23.33,26.38,8.92,-4.75,18.67,24.73,26.4,28.42,26.25,25.76,25.52,25,13.57,25.88,10.18,25.74,25,7.54,8.54,3.52,18.74,25.58,17.62,26.44,26.59,25.72,-0.29,14.66,24.37,24.6,25.33,18.91,10.73,26.8,21.89,22.38,7.99,16.85,8.72,11.49,25.77,24.78,23.13,24.93,25.04,24.63,17.75,21.62,21.24
1985,12.21,21.61,12.32,4.58,27.34,14.62,5.73,25.47,21.94,5.12,11.35,19.69,8.3,27.14,28.23,25.16,10.29,25.72,24.86,9.08,4.73,24.82,19.56,24.15,25.69,25.65,9.18,22.08,24.9,-4.77,3.99,8.75,6.14,25.76,23.68,23.24,23.91,23.21,24.68,22.67,22.45,24.94,18.76,6.84,7.53,27.68,24.96,6.88,23.51,22.98,19.77,22.42,26.08,13.56,3.9,22.41,-0.09,24.08,9.91,26.78,23.79,8.22,7.16,26.71,25.63,27.4,27.09,23.04,14.55,25.7,-18.35,22.03,24.37,23.1,10.93,24.65,9.63,24.47,24.07,8.99,17.1,22.01,0.59,19.55,12.14,25.05,18.84,11.27,5.82,24.45,0.07,26.73,26.36,25.46,11.63,25.68,22.44,14.73,24.8,21.68,25.68,4.45,26.27,11.32,4.96,7.47,4.42,18.03,14.02,7.85,21.82,26.65,19.95,26.68,10.58,27.83,18.96,22.9,9.04,-0.16,23.16,26.86,23.14,21.24,24.84,20.83,26.55,26.59,24.64,8.48,0.34,12.52,27.03,10.37,27.67,20.4,24.07,17.89,25.38,26.79,22.9,6.72,6.11,14.95,23.47,26.61,8.15,-4.95,18.64,25.04,26.19,28.18,26.58,25.8,25.49,25.35,14.02,26.01,9.88,25.47,25,6.88,8.44,1.03,19.6,25.6,18.04,26.07,26.47,25.8,0,15.91,24.41,24.43,25.43,19.67,10.75,27,21.86,22.09,6.68,17.68,8.58,12.67,25.64,24.56,23.21,24.92,25.07,25.03,17.85,21.22,20.7
1986,11.3,21.51,12.17,4.72,27.39,14.65,6.04,25.61,21.96,5.54,11.6,19.9,8.78,27.03,28.13,25.09,10.51,25.79,25.12,9.22,6,24.57,19.67,24.34,25.8,25.71,8.93,21.91,25.24,-4.8,4.4,8.48,6.31,25.87,23.92,23.41,24.14,23.14,24.89,22.3,22.62,25.17,18.85,7.59,8.03,27.58,25.11,7.32,23.59,22.69,19.96,22.09,26.26,13.28,5.16,22.66,1.5,23.73,10.25,26.87,23.91,8.08,7.69,26.74,25.41,27.15,26.87,23.1,14.42,25.81,-18.82,21.97,24.63,22.71,11.14,24.72,10.42,24.56,23.9,8.65,16.38,22.08,0.81,19.37,12.19,25.04,18.62,10.79,6.05,24.63,-0.05,26.67,26.73,25.61,11.1,25.49,22.44,14.63,24.87,21.51,25.88,4.87,26.45,11.11,6.07,7.94,5.66,17.56,14.23,9.46,21.85,26.78,20.13,26.79,10.61,27.76,18.83,23.16,9.14,0.63,23.21,26.34,23.18,21.34,24.93,21.07,26.98,26.76,24.62,8.99,1.08,11.95,27,10.25,27.46,19.76,24.38,17.99,25.43,26.95,23.08,7.5,6.01,14.53,23.78,26.7,9.26,-4.34,18.96,24.92,26.36,27.94,26.54,25.83,25.5,25.38,13.9,26.08,10.39,25.32,25.39,7.69,8.68,2.47,19.63,25.82,18.25,26.51,26.42,25.76,-0.47,16.01,24.44,24.03,25.5,19.46,11.16,27.15,21.95,22.27,8.14,17.75,9.47,12.84,25.76,24.67,23.35,24.58,25.18,24.92,17.81,21.08,20.73
1987,12.62,22.27,12.14,5.12,27.36,14.44,5.87,26.21,21.93,5.41,11.37,20.6,8.62,27.88,29.01,25.4,10.26,25.98,25.05,9.28,4.28,24.99,19.95,24.95,26.44,26.11,9.33,22.73,25.92,-3.26,4.38,8.86,6.78,26.64,24.59,24.02,24.68,23.78,25.3,23.44,23.54,25.2,18.57,6.89,7.47,28.29,25.79,6.83,24.11,23.84,20.78,22.12,26.75,13.9,3.51,23.29,0.15,23.73,10.29,26.89,24.46,8.42,7.27,27.59,26.28,27.69,27.55,23.7,14.16,26.51,-18.31,22.41,25.44,23.35,11.18,25.2,9.99,24.88,24.34,9.36,17.49,22.39,2.11,19.29,12.29,25.62,18.83,11.62,5.67,25.33,0.15,27.31,27.06,26.21,11.86,26.27,22.92,14.62,25.44,21.77,26.55,4.72,26.74,11.06,4.58,7.77,4.09,18.58,14.1,8.08,22.5,27.27,19.81,26.76,10.71,29.05,18.97,23.36,8.9,0.41,24,28.25,23.82,22.25,25.29,21.57,27.2,27.36,25.62,8.74,0.7,12.56,26.96,10.3,27.66,20.64,25.01,18.73,25.84,26.97,23.18,6.5,6.64,15.46,23.19,26.94,8.63,-5.75,19.59,25.63,26.79,28.8,26.85,25.82,26.12,26.17,14.1,26.52,10.38,25.85,26.49,7.21,8.7,1.59,19.83,26.34,18.14,26.58,27.27,26.28,-0.27,15.91,24.49,23.94,26.3,19.99,10.55,27.04,22.62,23,6.19,17.24,9.55,12.51,26.42,25.45,24.04,24.52,25.1,25.33,17.88,22.35,22.06
1988,12.88,21.91,12.12,5.2,27.37,14.27,5.6,25.99,22.47,6.18,11.47,20.18,9.98,27.41,28.34,25.32,10.6,26.18,24.97,9.62,6.41,25.04,19.8,24.56,26.17,26,9.63,21.39,25.75,-4.14,5.22,8.63,6.71,26.21,24.14,23.72,24.33,23.54,25.36,22.95,22.94,25.18,18.76,8.21,9.13,27.93,25.48,8.73,23.81,23.39,20.25,22.59,26.53,13.55,5.85,23.19,2.21,24.63,11.07,27.13,24.22,9.13,7.26,27.13,25.92,27.46,27.33,23.46,14.48,26.2,-18.58,22.4,25.03,23.41,11.77,24.97,10.67,24.84,24.24,9.77,17.56,21.93,0.55,19.46,12.63,25.46,18.54,11,6.54,25.04,0.44,27.08,26.17,26,11.78,25.89,22.83,14.52,25.21,22.2,26.19,5.6,26.5,10.49,6.68,9.06,6.3,17.99,14.55,9,22.48,27.17,20.18,26.86,10.7,28.15,19.2,23.44,8.96,0.59,23.65,27.07,23.73,21.93,25.17,21.18,26.91,26.8,25.16,10.28,1.93,12.98,27.11,10.45,27.78,21.07,24.47,18.45,25.9,27.19,23.41,8.28,6.7,14.85,23.1,26.94,9.14,-3.78,19.16,25.35,26.73,28.33,26.84,26.08,25.88,25.51,14.54,26.56,10.7,25.88,25.82,8.07,9.52,3.31,19.42,26.25,17.76,26.42,26.8,26.1,0.22,16.39,24.77,24.96,25.99,20.11,10.58,27.21,22.69,22.6,7.84,16.61,9.27,13.23,26.15,25.17,23.56,25.26,25.22,25.29,17.35,21.82,21.06
1989,10.9,21.83,11.84,5.65,26.84,14.89,6.59,25.56,21.67,6.3,12.47,19.76,10.52,26.93,27.94,24.95,10.98,25.55,25.21,9.63,8.16,24.94,19.63,24.23,25.88,25.76,8.86,21.34,25.26,-4.96,5.09,8.7,6.63,26.03,23.76,23.54,24.17,23.12,24.76,22.77,22.68,25.28,18.74,8.64,9.56,27.79,25.08,9.44,23.71,23.33,20.02,22.18,26.23,14.41,7.38,22.55,4.02,24.15,11.67,26.91,23.93,9.67,7.94,26.79,25.71,27.35,27.21,23.21,14.21,25.9,-19.75,21.99,24.64,23.13,11.74,24.81,11.13,24.56,23.71,10.23,17.13,22.23,0.7,19.32,12.32,25.21,18.64,12.01,6.9,24.43,-0.86,26.9,26.18,25.55,12.56,25.2,22.57,14.73,25.07,21.7,25.96,5.23,26.27,10.31,8.17,9.41,7.71,18.04,14.62,10.81,22.15,26.79,20.42,26.65,10.46,28.31,18.96,22.98,8.78,1.58,23.37,27.44,23.36,21.48,24.92,20.92,26.18,26.24,24.78,10.68,3.09,12.13,27.04,10.49,27.17,19.77,24.26,18.1,25.49,26.98,23.17,9.35,7.67,15.86,22.87,26.36,9.91,-3.53,18.89,24.78,26.05,28.34,26.63,25.93,25.68,25.33,13.85,26.15,10.76,25.52,25.34,8.57,9.7,4.61,19.36,25.95,18.41,25.63,26.47,26.02,-1.49,16.22,24.64,24.58,25.72,19.92,11.13,26.91,21.92,22.41,9.65,17.86,8.9,12.76,25.83,24.61,23.33,24.95,24.99,24.82,17.17,21.46,21.14
1990,12.22,22.03,12.5,5.39,27.36,14.53,6.26,25.92,22.23,6.23,12.03,20.19,10.41,27.44,28.53,24.93,11.32,26.11,25.48,10.01,7.73,25.02,19.65,24.65,26.19,26.12,9.41,22.21,25.97,-4.98,5.18,8.67,7.01,26.15,24.33,23.81,24.37,23.41,25.11,23.24,23.1,25.55,19.08,8.49,9.51,28.81,25.4,9.55,23.94,23.49,20.38,22.42,26.99,14.11,6.87,23.08,3.14,24.18,11.57,27.01,24.01,9.74,7.55,27.03,25.89,27.67,27.62,23.3,14.75,26.15,-19.13,22.21,25.05,23.33,12.08,25.19,11.31,24.73,23.69,10.12,17.8,22.44,1.08,19.49,12.68,25.54,18.75,12.65,6.97,24.56,0.79,27.26,27.02,25.91,12.78,25.92,22.77,14.86,24.96,22.09,26.28,5.42,26.61,10.61,7.99,9.43,7.44,18.33,14.68,11.03,22.36,27.16,20.41,26.92,11.02,28.62,19.55,23.07,9.42,1.4,23.77,27.61,23.41,22.11,25.28,21.39,27.25,27.02,25.1,10.76,3.27,12.42,27.29,10.55,28.04,20.57,24.63,18.28,25.74,27,23.23,9.12,7.66,15.45,23.2,26.87,10.08,-3.49,19.25,25.4,27.25,28.8,26.92,26.07,25.58,25.86,14.5,26.62,11.22,25.53,25.85,8.42,9.8,4.63,19.15,26.18,18.29,27.12,26.76,26.28,0.65,16.38,24.56,24.56,26.03,20,10.94,27.31,22.32,22.59,9.39,17.21,9.55,13.32,26.12,24.95,23.77,25.05,25.42,25.76,17.5,21.93,21.51
1991,11.22,21.85,11.21,4.52,26.76,14.25,6.22,25.82,22.31,5.24,11.88,20,9.25,27.03,28.17,24.97,9.99,25,25.42,8.66,6.84,25.28,19.91,24.55,26.01,26,9.1,21.35,25.53,-4.36,4.41,8.49,6.7,26.02,24.17,23.61,24.4,23.6,25.07,22.61,23,25.51,18.79,7.3,8.37,28.41,25.31,8.41,23.88,22.47,20.57,22.43,26.9,13.38,6.41,23.13,2.63,24.07,10.48,26.83,24.08,8.82,7.81,26.73,25.8,27.61,27.48,23.24,13.66,25.99,-19.06,22.51,24.96,23.57,10.98,25.13,9.99,24.64,23.93,9.66,17.47,22.24,1.96,19.43,11.85,25.48,18.64,12.04,6.9,24.84,0.1,27.25,27.15,25.83,11.93,25.43,23.05,14.72,24.76,21.75,26.12,4.62,26.59,10.9,7.12,8.42,6.78,17.28,13.98,9.25,22.31,27.13,20.2,26.82,9.67,28.29,18.67,23.32,8.05,0.9,23.61,26.99,23.5,21.78,25.13,20.79,26.96,26.68,25.18,9.51,2.4,12.29,27.21,9.73,27.58,19.88,24.61,18.47,25.66,26.83,23.15,7.85,6.97,15.09,23.76,26.13,8.7,-3.69,18.98,25.25,26.96,28.41,26.75,25.98,25.46,25.87,13.6,26.4,9.76,25.64,25.83,7.39,8.78,3.64,19.48,26.19,18.13,26.68,26.37,26.34,-0.44,15.96,24.26,24.51,25.81,18.91,10.76,27.49,22.41,22.51,8.33,17.42,9.47,12.76,25.96,24.9,23.86,24.68,25.63,25.52,17.48,21.64,21.43
1992,10.95,21.81,11.83,4.57,26.24,13.8,4.18,25.92,21.66,6.57,10.4,20.1,9.98,26.86,27.91,25.01,10.76,24.6,25,9.75,7.05,24.99,19.4,24.51,26.19,25.92,8.73,22.7,25.01,-4.97,5.13,8.34,6.4,25.9,23.84,23.54,24.11,23.61,24.98,22.8,23.04,25.05,17.76,8.59,9.33,27.9,25.44,9.14,23.74,22.19,20.62,21.72,25.87,13.28,6.56,22.86,2.87,23.99,10.89,26.78,23.85,9.04,5.95,26.73,25.52,27.54,27.29,23.14,13.95,26.16,-20.32,22.34,25.13,23.48,12.15,24.87,11.42,24.61,23.83,9.54,16.21,20.72,1.03,18.47,12.55,25.39,17.44,11.62,5.97,24.77,0.1,27.02,26.91,25.9,12.16,24.1,22.46,13.27,24.63,21.18,26.19,5.44,26.34,11.47,7.46,9.19,6.95,17.25,14.42,9.78,22.12,26.92,20.06,26.65,10.57,27.82,18.95,22.73,8.82,0.89,24.31,26.73,23.03,22.38,25.1,21.48,26.27,26.24,25.22,10.44,2.55,12.19,27.08,9.06,26.85,19.63,24.68,18.6,25.6,26.82,23.09,8.65,7,14.82,22.68,25.7,9.46,-4.41,19.05,24.02,26.01,28.36,26.71,25.72,25.17,25.82,14.42,26.36,11.03,25.25,26.18,8.45,10.07,3.97,20.6,26,16.71,25.96,26.3,25.97,-0.31,15.32,24.52,24.34,25.85,19.06,9.3,27.13,22.33,22.69,8.35,16.96,8.98,12.41,26.12,24.98,23.43,24.69,25.46,24.85,18,22.23,22.42
1993,11.48,21.81,11.99,4.65,27.18,14.26,4.75,25.95,21.96,6.06,10.26,20.3,9.58,27.31,28.57,24.81,10.63,25.56,25.23,9.33,6.03,25.08,19.76,24.68,26.25,25.88,9.24,22.24,25.27,-4.37,4.79,8.79,6.55,26.05,24.17,23.62,24.27,23.38,24.91,22.54,22.83,25.1,18.78,7.76,8.52,28.2,25.47,7.89,23.8,23.03,20.48,22.65,26.47,12.92,5.24,22.83,2.13,23.64,10.61,26.7,24.15,8.71,6.21,26.96,25.7,27.69,27.49,23.42,14.28,26.2,-19.8,22.42,24.88,23.25,11.44,24.78,10.62,24.75,23.97,9.39,17.23,21.96,1.02,19.51,12.52,25.24,18.69,11.23,4.9,24.65,-0.35,26.65,26.89,25.92,11.6,25.49,22.45,14.57,24.8,21.96,26.31,5.2,26.42,11.12,6.32,8.69,5.77,17.07,14.11,9.11,22.09,26.87,20.47,26.71,10.81,28.46,19.07,23.11,9.02,0.43,23.81,26.79,23.09,22,25.06,21.41,27.01,26.81,24.98,9.58,1.75,12.63,26.97,9.49,27.66,20.55,24.61,18.38,25.62,26.84,23.06,7.82,6.68,14.2,23.44,26.62,8.87,-4.12,19.25,25.08,26.86,28.71,26.7,25.64,25.35,25.49,14.35,26.26,10.47,25.6,25.78,7.89,9.56,3.14,19.71,25.95,17.74,26.67,26.58,25.92,-0.63,15.09,24.49,24.06,26.05,19.69,10.33,27.05,22.64,22.9,7.52,17.07,8.9,11.58,26.19,25,23.46,24.31,25.26,25.19,18.02,21.7,21.49
1994,11.85,21.89,13.06,5.87,27.46,14.89,5.91,25.77,22.01,7.58,11.1,20.02,10.67,27.05,27.95,25.19,12.06,25.84,25.54,10.53,6.79,25.33,20.3,24.7,25.99,26.11,9.25,21.68,25.4,-4.27,6.24,9.06,7.18,26.03,24.16,23.59,24.29,23.39,25.02,22.38,22.99,25.48,19.65,9.1,9.81,27.85,25.25,8.91,23.91,23.18,20.31,22.58,26.59,14.3,5.46,23.18,2.2,23.66,11.86,26.94,24.09,9.31,7.31,26.92,25.5,27.57,27.1,23.44,15.31,26.03,-19.31,22.58,24.9,23.51,12.74,24.84,12.07,24.75,23.87,9.71,17.86,22.87,0.92,20.04,13.45,25.46,19.04,12.33,5.82,25.03,0,26.94,27.03,25.76,13.07,25.84,22.73,15.31,24.74,21.86,26.13,6.87,26.22,10.27,6.9,9.9,6.09,18.34,14.93,10.91,22.2,27.01,20.95,26.93,11.96,27.86,19.6,23.41,10.05,1.33,23.6,26.99,23.43,22.02,25.18,21.14,26.56,26.48,25.14,10.61,1.81,12.71,27.16,9.73,27.95,20.02,24.58,18.44,25.64,26.93,23.05,8.92,7.64,15.05,24.31,26.99,10.68,-4.35,18.99,25.45,26.35,28.18,26.73,25.77,25.3,25.94,15.07,26.06,11.81,25.5,25.66,9.13,10.86,3.16,19.03,26.16,18.94,26.14,26.53,26.1,-0.24,15.9,24.26,24.08,25.84,20.45,11.78,27.28,22.6,22.74,8.89,17.61,9.37,12.36,25.98,25.09,23.7,24.36,25.38,25.43,17.39,21.86,21.25
1995,11.71,22.29,11.65,5.22,27.07,14.55,6.26,26.24,21.72,6.2,12.33,20.29,10.38,27.31,28.12,25.34,10.65,25.53,25.27,9.33,7.05,25.57,20.17,24.79,26.5,26.12,9.36,22.75,25.49,-4.2,4.93,8.84,6.84,25.97,24.26,23.81,24.42,23.65,25.09,23.34,22.87,25.44,19.05,8.02,8.98,28.12,25.7,8.54,24.02,23.31,20.33,22.6,26.61,14.75,6.31,23.32,2.72,24.17,11.4,27.11,24.31,9.57,7.48,26.95,25.69,27.9,27.78,23.57,14.32,26.46,-18.55,22.8,25.36,23.59,11.65,24.88,10.83,24.86,24.07,10.29,17.88,22.46,0.55,19.61,12.4,25.41,18.83,11.49,7.74,25.09,0.02,27.16,26.82,26.21,11.85,25.47,22.66,14.88,24.99,22.07,26.54,5.32,26.51,10.94,7.02,9.41,6.62,18.47,14.3,9.67,22.44,27.12,20.98,27.01,10.26,28.21,18.94,23.6,8.66,1.57,23.99,27.04,23.33,22.35,25.23,21.54,27.22,26.71,25.22,10.34,1.95,12.53,27.39,9.98,27.78,19.99,24.57,18.77,25.52,26.96,23.36,8.22,6.77,16.22,23.74,26.54,9.28,-2.65,19.2,25.3,26.63,28.56,26.8,26.09,25.6,25.36,14.1,26.41,10.54,25.86,26.01,8.28,9.68,3.26,19.02,26.28,18.32,26.59,26.68,26.18,-0.46,16.85,24.29,24.58,26.25,19.82,11,27.26,22.63,23.01,8.79,17.08,9.37,13.65,26.39,25.28,23.51,25.09,25.43,25.36,17.48,22.47,22.05
1996,11.45,22.17,11.76,4.56,27.6,14.58,6.52,25.85,22.21,5.16,11.99,20.07,8.54,27.47,28.48,25.28,10.25,26.26,24.78,8.75,5.66,24.9,19.7,24.55,26.28,25.96,9.38,21.49,25.43,-4.89,4.3,8.74,6.49,25.87,24.17,23.65,24.16,23.2,24.8,23.22,22.52,25,19.23,6.38,7.24,27.97,25.38,7.07,23.51,23.3,19.82,22.79,26.51,13.73,4.7,22.93,2.07,24.25,10.4,27.07,23.92,8.6,7.76,26.82,25.92,27.77,27.65,23.28,14.11,26.32,-17.65,22.25,25.14,22.93,10.73,24.44,9.68,24.87,23.96,9.29,17.51,23.23,1.78,20.1,12.21,24.84,19.47,11.08,5.39,25.08,-0.41,26.87,26.51,25.82,11.72,26.19,22.46,15.38,24.76,22.25,26.29,4.68,26.35,10.06,5.46,7.69,5.08,17.8,13.84,8.73,22.25,26.9,20.75,26.97,10.4,28.61,18.77,23.35,8.69,0.48,23.56,27.34,23.14,21.97,25.13,20.86,27.26,26.81,24.79,8.44,1.35,12.52,27.38,9.87,27.37,19.97,24.34,18.31,25.39,27.04,23.46,6.67,6.54,15.04,23.27,27.18,8.72,-4.39,18.98,25.8,26.57,28.82,26.71,26.04,25.55,25.11,13.86,26.21,10,25.55,25.75,7.31,8.5,2.65,19.02,25.88,18.77,26.7,26.66,25.85,-1,15.63,24.45,24.81,26.03,19.69,11.41,27.2,22.41,22.68,7.68,17.27,8.65,12.08,26.22,24.92,23.31,25.13,25.28,25.28,16.81,22.11,21.02
1997,11.61,22.04,11.96,6.05,27.07,14.88,5.88,26.19,21.9,6.35,11.73,20.34,10.13,27.29,28.25,24.74,10.17,25.61,25.47,9.44,6.37,25.58,20.23,24.87,26.41,26.19,8.41,21.66,25.42,-4.19,5.47,9.03,6.87,26.05,24.26,23.87,24.48,23.75,25.19,23.43,22.95,25.96,18.84,7.75,8.96,28.33,25.63,8.71,24.41,23.39,20.59,22.37,26.51,14.66,5.95,23.14,2.57,23.83,11.65,26.91,24.2,9.84,7.08,27.07,25.79,27.85,27.65,23.47,14.06,26.42,-18.41,22.89,25.49,23.51,11.54,25.44,10.25,25.06,23.55,10.4,17.66,21.96,1.72,19.56,13.06,25.42,18.42,11.8,7.42,24.94,1.1,27.2,26.95,26.14,12.35,25.22,22.8,14.57,24.86,22.04,26.47,6.08,26.62,10.37,6.81,9.17,6.31,18.39,14.84,8.99,22.39,27.11,20.37,26.92,10.35,28.29,19.2,23.08,8.89,2.01,23.56,27.27,23.3,21.94,25.33,20.97,27.26,26.8,25.1,10.13,2.53,11.55,27.18,9.64,27.83,19.49,25.03,18.99,25.42,26.91,23.15,7.96,7.08,15.95,24.14,26.63,8.74,-3.88,19.3,25.17,26.49,28.92,26.89,25.72,25.65,26.08,14.8,26.13,10.22,25.51,25.97,7.83,9.59,3.94,18.96,26.27,17.76,26.56,26.74,26.34,0.19,16.73,24.13,24.36,26.03,20.2,10.44,27.25,22.67,23.1,7.72,17.8,8.97,13.67,26.33,25.12,23.75,24.7,25.21,25.81,17.24,21.94,20.98
1998,12.65,22.63,12.26,5.25,28.58,14.64,7.26,26.57,22.43,6.42,12.69,20.75,9.98,27.79,28.59,25.31,11.03,26.84,25.63,9.72,6.52,25.78,20.21,25.35,26.85,26.7,9.82,22.42,26.03,-2.56,5.02,9.48,7.61,26.59,24.92,24.41,25.12,23.96,25.49,23.57,23.27,26.15,20.03,8.39,9.11,28.64,26.08,8.43,24.32,23.48,20.63,23.06,26.9,14.13,5.54,23.59,1.6,24.42,11.03,27.17,24.87,9.55,8.59,27.69,26.24,28.32,28.19,24.07,14.75,26.82,-17.92,23.25,25.75,23.93,11.83,25.39,10.7,25.47,24.22,10.12,18.51,23.57,1.03,20.62,12.92,25.89,19.84,12.4,6.5,24.82,1.01,28.01,26.5,26.56,13.21,26.63,23.64,15.91,25.33,22.22,26.88,5.36,27.15,11.34,6.71,8.96,6.07,18.64,14.43,9.83,22.69,27.53,21.01,26.85,10.89,28.84,18.95,24.1,9.13,2.19,23.99,27.79,23.58,22.28,26.01,22.07,27.32,27.39,25.54,10.25,1.81,12.89,27.08,10.84,28.44,20.74,25.2,19.32,26.25,27.29,23.85,8.32,8.02,15.41,23.19,28,9.36,-4.79,19.57,26.3,27.1,29.38,27.47,26.09,26.08,25.96,14.84,26.79,10.81,26.37,26.39,8.36,9.8,2.99,19.74,26.54,19.46,26.96,27.25,27.07,0.52,16.6,25.03,24.68,26.52,19.94,12.01,27.19,22.74,23.26,8.61,16.89,9.91,13.03,26.79,25.62,24.51,25.41,25.31,26.08,17.83,22.43,21.64
1999,12.55,21.82,12.64,4.85,28.37,14.33,7.16,26.09,21.74,6.44,12.54,19.97,10.54,27.24,28.1,25.5,11.71,27.05,25.1,10.08,7.81,24.83,19.75,24.58,26.36,26.06,9.93,22.21,25.27,-3.26,5.09,8.9,7.44,25.78,24.02,23.51,24.23,23.09,24.99,22.64,22.17,25.14,20.26,8.55,9.57,28.42,25.61,9.12,23.58,23.83,19.55,23.12,26.87,13.99,6.6,23.17,2.68,24.24,11.48,26.82,24.09,9.75,8.11,26.74,25.54,27.33,27.37,23.31,15.19,26.39,-18.94,22.11,24.96,22.78,12.08,24.53,10.98,24.82,24.1,10.09,18.52,23.7,1.24,20.51,12.99,25.08,19.61,12.14,7.21,24.95,0.49,26.54,25.91,26.06,12.59,26.67,22.62,16.05,24.72,22.53,26.52,5.5,26.17,11.6,7.75,9.54,7.2,18.21,14.54,10.76,22.33,26.93,20.65,26.59,11.18,27.92,19.32,23.67,9.74,1.76,23.37,26.96,23.27,21.59,25.15,21.47,26.93,26.88,24.52,10.85,2.43,13.12,26.65,10.75,28.08,20.8,24.12,18.24,25.44,26.99,23.41,9.04,7.49,14.95,23.45,28.04,10.12,-4.33,18.89,26.28,27.24,28.13,26.76,25.88,25.51,24.84,14.78,26.29,11.06,25.7,25.52,8.6,9.68,3.69,19.67,25.87,19.41,26.73,26.42,25.81,-0.28,16.84,24.17,24.76,26.06,20.95,12.22,27.07,22.39,22.56,9.7,17.1,9.44,13.69,26.35,24.77,23.59,25.08,25.23,25.74,18.29,21.69,20.96
2000,12.56,21.86,12.41,5.58,27.89,13.87,6.5,25.89,21.28,7.2,12.2,20.4,10.61,27.32,28.29,24.96,11.82,26.1,24.94,10.96,7.92,24.7,19.74,24.47,26.12,26.19,9.13,20.95,25.29,-4.11,5.64,8.42,6.79,25.94,23.98,23.63,24.16,23.28,25.03,22.94,22.44,25.17,19.61,9.24,9.91,28.14,25.32,9.4,23.77,23.35,19.67,22.29,26.7,14.12,7.09,22.86,3.88,24.42,11.63,26.9,24.02,9.47,7.47,27.05,25.59,27.7,27.46,23.3,14.77,26.16,-18.37,22.24,24.77,22.8,13.07,24.74,12.09,24.86,23.98,9.73,18.4,23.01,1.54,19.85,13.33,25.1,19.04,11.91,7,25.16,0.26,27,26.14,25.88,12.2,26.06,22.65,15.28,24.66,21.63,26.2,6.13,26.15,10.66,8.09,9.79,7.55,18.45,14.73,11.01,22.37,27.06,20.79,26.74,11.27,28.37,19.23,23.14,9.76,1.03,23.33,27.42,23.12,21.61,25.29,20.91,26.75,26.66,24.71,10.83,3.16,12.3,26.99,10.28,27.75,20.78,24.29,18.35,25.56,27.05,23.43,9.58,6.81,15.09,23.42,27.39,10.5,-4.15,19.23,25.85,26.68,28.51,26.8,25.91,25.37,25.27,15.34,26.23,12.08,25.53,25.36,9.38,10.66,4.62,18.91,25.89,18.83,26.29,26.73,25.93,-0.33,16.87,24.25,24.98,25.84,20.3,11.19,27.21,22.54,22.85,9.42,17.25,9.48,13.62,26.07,24.79,23.59,25.08,25.19,25.65,17.22,21.68,20.63
2001,13.41,21.88,12.39,5.18,27.95,14.55,7.24,26.16,21.43,6.42,12.61,19.83,10.2,27.46,28.57,25.18,11.56,26.55,25.16,10.09,7.17,25.03,20.02,24.79,26.22,26.25,9.64,21.67,25.37,-3.03,5.26,8.73,7.21,26.07,24.11,23.69,24.26,23.48,25.15,23.26,22.71,25.18,20.22,7.97,9.09,28.1,25.56,8.45,24.01,24.2,19.83,23.01,26.83,14.23,6.14,22.97,2.38,24.36,11.27,27.03,24.05,9.18,8.12,27.22,25.88,27.76,27.62,23.35,15.05,26.27,-18.12,22.32,25.04,23.03,12.21,24.97,10.87,24.96,24.06,9.64,19.08,23.52,1.79,20.51,13.15,25.42,19.68,11.58,7.12,25.03,0.69,27.41,26.69,26.13,12.45,26.62,22.97,16.17,24.76,22.43,26.42,5.7,26.51,10.83,7.14,9.31,6.61,19.15,14.68,10.12,22.56,27.11,20.67,26.98,11.1,28.77,19.4,23.43,9.55,1.56,23.82,28.03,23.52,21.98,25.36,20.86,27.1,26.73,24.98,10.34,1.92,12.67,27.35,10.33,27.81,20.97,24.57,18.38,25.75,27.1,23.45,8.32,7.01,15.17,24.06,27.58,9.89,-4.01,18.86,26.06,27.07,28.9,26.9,26.01,25.52,25.51,14.98,26.44,11.09,25.34,25.55,8.32,10.09,3.29,19.47,26.13,19.41,26.75,26.82,26.27,0.48,17.03,24.39,24.76,26.05,20.92,12.48,27.28,22.33,22.57,9.04,18.02,9.61,13.79,26.19,25.1,23.81,25.17,25.34,25.58,17.57,21.72,21.12
2002,13.05,22.07,12.44,5.4,28.01,14.36,6.38,26.24,22.3,7.37,12.01,20.3,10.7,27.34,28.73,25.18,11.52,26.58,25.55,10.75,7.73,25.44,20.55,25.2,26.39,26.4,9.37,22.48,25.63,-4.3,5.78,8.53,7.33,26.25,24.32,23.91,24.61,23.73,25.25,23.09,23.16,25.56,19.88,8.84,9.62,28.51,25.7,9.31,24.15,23.9,20.08,23.15,27.12,14.27,6.37,23.41,2.5,24.54,11.69,27.02,24.53,9.79,7.73,27.24,26.17,28.17,27.75,23.66,14.82,26.46,-17.82,22.8,25.3,23.51,12.67,25.18,11.84,25.11,24.43,10.06,18.64,23.01,2.17,20.43,13.16,25.62,19.2,11.96,7.67,25.11,1.11,27.79,27.16,26.22,12.36,26.32,23.03,15.59,24.91,22.32,26.55,6.37,26.58,10.97,7.74,9.8,7.01,18.59,14.66,10.58,22.63,27.23,20.82,26.95,11.13,28.98,19.31,23.44,9.87,1.98,23.91,27.53,23.76,21.96,25.63,21.34,27.35,26.86,25.38,10.74,2.67,12.44,27.17,10.1,27.76,21.22,25,18.68,25.87,27.13,23.46,9.19,7.18,15.21,24.6,27.59,10.29,-3.65,19.27,25.92,27.26,29,27.04,26,25.73,26.03,14.83,26.49,11.69,25.67,25.9,9.03,10.59,3.88,19.63,26.12,18.82,26.92,26.72,26.47,0.43,16.78,24.55,24.87,26.15,20.51,11.34,27.45,22.41,23.11,9.46,17.49,9.69,13.62,26.37,25.28,24.1,25.11,25.67,25.59,17.74,22.06,21.72
2003,12.48,22.22,12.58,5.78,28.23,14.87,6.02,26.31,22.2,6.93,11.48,20.55,10.54,27.51,28.59,25.16,10.89,26.17,25.56,10.31,6.72,25.59,20.22,24.98,26.44,26.28,9.37,22.91,25.88,-3.7,5.75,9.19,7.13,26.47,24.54,24.01,24.75,23.73,25.35,23.23,23.14,25.75,19.82,8.63,9.54,28.32,25.8,8.8,24.12,23.87,19.96,22.94,26.98,14.57,5.86,23.25,2.78,24.16,12.02,27.12,24.66,9.8,7.18,27.34,26.1,27.66,27.62,23.8,14.7,26.52,-17.26,22.96,25.42,23.63,12.37,25.17,10.92,25.08,24.17,10.13,18.38,23,2.8,20.28,13.43,25.7,19.24,11.72,6.46,25.28,0.24,27.58,27.17,26.31,12.23,26.35,23.1,15.47,25.04,22.25,26.61,6.31,26.61,11.59,6.95,9.79,6.38,18.69,15.01,9.68,22.6,27.32,20.87,27.04,11.12,29.01,19.82,23.5,9.56,0.73,23.79,27.68,24.07,21.86,25.51,21.71,27.53,27.07,25.44,10.47,2.81,12.43,27.61,10.07,27.98,20.55,24.91,18.69,25.77,26.98,23.44,8.38,7.4,15.53,23.99,27.59,9.43,-3.29,19.51,26.19,27.33,28.62,27.05,26.03,25.79,25.75,15.05,26.62,10.98,25.93,26.08,8.56,10.18,3.83,20.17,26.37,18.83,27.09,26.83,26.35,-0.24,16.11,24.65,24.56,26.33,20.6,11.36,27.46,22.95,23.16,8.3,17.01,9.66,12.87,26.44,25.44,24.13,24.95,25.53,25.74,18.06,21.96,21.53
2004,13.19,21.88,12.05,5.16,28.15,14.84,6.25,26.12,22.07,6.38,12.21,20.45,10.03,27.44,28.78,25.27,11.15,26.35,25.05,9.95,6.8,25.52,20.14,24.85,26.46,26.15,9.29,21.77,25.92,-4.85,5.07,9.26,7.28,26.43,24.51,24.03,24.73,23.79,25.13,23.28,23.12,25.43,19.5,8.15,9.07,28.6,25.7,8.8,23.89,23.5,20.44,22.92,27.07,13.95,6.01,23.2,2.91,24.32,11.15,27.11,24.48,9.75,7.64,27.24,26.15,27.66,27.62,23.78,14.62,26.52,-18.14,22.58,25.35,23.5,11.74,24.81,10.68,25.07,24.2,10.02,18.57,22.92,2.56,20.06,12.82,25.55,19.21,12.55,7.86,25.29,0.93,27.49,27.14,26.09,13.01,26.13,22.67,15.2,25.04,22.2,26.5,5.74,26.58,11.34,6.79,9.01,6.35,18.2,14.43,10.16,22.6,27.14,20.36,27.1,10.91,28.89,19.17,23.26,9.23,1.85,23.65,27.34,23.81,21.61,25.53,21.43,27.6,27.14,25.27,10.37,2.94,12.66,27.31,9.58,27.83,21.31,25.11,18.63,25.83,27.17,23.32,8.36,7.73,15.19,23.6,27.54,9.59,-3.96,19.59,25.94,27.27,28.7,27.01,25.92,25.69,25.84,14.44,26.42,10.73,25.61,26.14,8.12,9.43,3.67,19.59,26.19,18.67,27.1,26.72,26.28,0.27,17.15,24.49,24.83,26.31,20.16,11.27,27.41,22.67,23.22,8.91,17.61,9.61,14.25,26.44,25.36,23.69,24.9,25.69,25.76,18.01,21.63,21.17
2005,11.98,22.43,11.44,4.71,28.17,14.48,6.55,26.57,22.71,6.11,12.55,20.78,10.39,27.76,28.95,25.6,10.71,25.89,25.18,9.17,6.89,25.89,20.22,25.17,26.86,26.27,9.54,22.88,26.12,-3.18,4.89,8.79,6.98,26.5,24.76,24.25,24.95,24,25.24,23.64,23.21,25.25,19.29,8.02,9.2,28.5,26.14,8.88,24.22,23.93,20.72,23,26.84,13.91,6.08,23.45,3.61,24.36,11.16,27.13,24.58,9.72,7.95,27.37,26.15,28.16,27.95,23.84,14.42,26.95,-17.11,23.04,25.64,23.76,11.17,25.1,10.31,25.15,24.14,10.22,18.34,23.03,1.76,19.98,12.31,25.56,19.09,11.7,7.58,25.62,0.43,27.43,27.03,26.53,12.04,26.12,23.05,14.94,25.08,22.48,26.85,5.35,26.81,11.7,6.9,9.45,6.35,18.5,14.15,10.2,22.61,27.31,20.97,27.12,10.38,29.06,18.81,23.89,8.54,0.94,24.38,27.9,23.83,22.4,25.68,21.92,27.85,27.5,25.55,10.61,3.17,12.68,27.57,10.7,27.88,20.13,25.15,18.9,25.94,27.01,23.49,8.41,6.65,15.25,23.72,27.28,9.27,-2.9,19.75,25.99,27.45,28.92,27.21,26.17,25.64,25.66,13.73,26.5,10.08,25.57,26.18,8.01,9.12,4.11,19.93,26.24,18.62,27.45,26.92,26.6,-0.26,17.18,24.87,24.91,26.69,20.08,11.48,27.55,23.21,23.47,9.1,17.71,9.93,13.99,26.85,25.71,23.8,25.02,25.66,26.01,18.08,22.57,22.25
2006,13.4,21.71,11.7,6.34,28.28,15.06,6.9,26.33,22.03,6.77,12.46,20.35,10.73,27.72,28.72,25.77,11.05,26.35,25.19,10,6.95,25.38,20.42,24.94,26.58,26.17,9.9,21.01,25.84,-2.28,5.75,9.21,7.55,26.52,24.65,23.92,24.69,23.81,25.14,23.46,23.13,25.42,19.21,8.51,9.75,28.28,25.87,9.53,24.23,23.86,20.78,22.92,26.78,14.73,6.66,23.4,3.29,24.27,11.81,27.08,24.5,10.01,8.04,27.42,26.03,27.73,27.6,23.75,14.39,26.65,-18.11,22.68,25.2,23.61,12.08,25.23,11.05,25.13,24.37,10.27,18.66,23.2,2.33,19.86,13.04,25.8,19.03,11.99,7.41,25.38,1.14,27.5,26.96,26.31,12.67,26.44,23.19,15.01,25.11,22.39,26.66,6.12,26.57,10.65,7.42,9.84,7.07,18.58,14.89,9.92,22.84,27.16,21.03,27.01,10.64,28.54,19.35,23.49,8.96,1.78,23.94,27.47,23.89,21.88,25.43,20.56,27.52,27.45,25.37,11.1,3.47,13.13,27.27,9.79,27.84,21.2,25.04,18.74,26.06,27.09,23.45,8.78,7.58,15.69,24.37,27.75,9.59,-4.13,19.4,26.07,27.22,28.7,26.97,26.01,25.81,25.75,14.55,26.51,10.76,25.71,25.81,8.55,9.97,4.51,19.38,26.21,18.68,27.36,26.97,26.47,0.94,17.13,24.21,24.78,26.4,20.47,11.54,27.4,22.77,22.99,8.65,17.89,10.04,13.62,26.56,25.55,24.02,24.89,25.43,26.04,17.4,21.71,21.3
2007,12.53,22.08,12.79,5.79,28.33,14.09,6.19,26.33,22.24,7.48,12.22,20.37,10.78,27.53,28.69,25.26,12.27,26.37,25.46,10.93,7.95,25.55,20.28,25.14,26.54,26.18,9.84,21.93,25.71,-3.96,5.9,8.46,7.74,26.58,24.49,24.02,24.76,23.91,25.43,22.96,23.1,25.52,19.76,9.25,10.05,28.3,25.84,9.59,24.25,23.74,20.61,23.04,26.47,13.75,6.91,23.5,3.48,24.91,11.45,27.14,24.61,9.87,7.99,27.42,26,27.76,27.65,23.8,15.33,26.63,-18.32,22.86,25.07,23.53,12.87,25.28,12.21,25.13,24.26,10.47,18.17,23.2,2.13,20.23,13.4,25.66,19.35,12.37,7.77,25.38,1.13,27.21,26.57,26.32,12.95,26.23,23.02,15.42,25.14,22.61,26.66,6.4,26.49,11.27,7.84,9.87,7.35,18.28,14.71,11.81,22.65,27.33,20.69,27.05,11.91,28.68,19.61,23.29,10.11,2.92,23.93,27.35,23.67,21.88,25.41,21.64,27.46,27,25.37,11.15,2.99,12.85,27.44,10.27,28.12,20.76,25.03,18.63,26.05,27.16,23.54,9.42,7.91,14.87,23.76,27.84,10.97,-2.36,19.23,26.13,27.04,28.84,26.85,26.26,25.78,25.59,15.14,26.83,11.93,25.85,25.7,9.51,10.73,4.21,19.61,26.51,18.91,27.24,26.91,26.37,0.81,16.85,24.55,25.04,26.33,20.41,11.8,27.47,22.82,22.96,10.29,17.12,9.96,13.89,26.55,25.63,23.85,25.4,25.56,26.04,17.81,21.85,21.36
2008,12.69,21.98,12.62,5.21,27.89,15.02,6.63,25.9,22.01,7.31,12.13,20.17,10.13,27.36,28.31,25.41,11.87,25.86,25.34,10.96,8.08,25.27,20.11,24.79,26.25,26.02,9.63,21.74,25.57,-4.2,5.59,9.03,7.19,26.44,24.4,23.94,24.63,23.74,24.95,23.17,22.87,25.44,19.99,9.04,9.67,28.02,25.48,9.54,23.91,23.63,20.67,23.33,26.79,13.68,7.29,23.27,3.41,24.58,11.08,26.84,24.48,9.32,8,27.35,25.78,27.8,27.58,23.79,15.32,26.37,-18.27,22.54,24.89,23.34,12.76,24.92,11.93,24.95,24.03,9.72,18.4,23.2,1.85,20.52,13.25,25.33,19.48,12.1,7.6,25.33,0.68,26.95,26.11,25.89,12.69,26.19,22.38,15.65,25.01,22.68,26.4,6.3,26.41,11.49,8.18,9.18,7.69,18.14,14.47,11.13,22.43,27.1,20.72,26.7,11.88,28.36,19.56,23.34,10.04,1.94,23.75,27.42,23.59,21.62,25.22,21.23,27.01,26.82,25.13,10.54,2.94,12.73,26.99,10.37,27.44,20.57,24.73,18.64,25.79,27.01,23.36,9.45,7.77,14.77,23.62,27.57,10.55,-2.77,19.11,25.82,27.35,28.68,26.73,26,25.53,25.2,14.92,26.3,11.88,25.65,25.54,9.43,10.46,4.29,19.45,26,19.06,26.8,26.87,25.89,0.35,16.42,24.54,24.92,26.24,20.46,11.66,27.08,22.52,22.82,9.71,17.77,9.04,13.19,26.27,25.35,23.32,25.15,25.12,25.44,17.86,21.59,21.27
2009,12.33,22.25,12.7,5.78,28.32,15.09,6.44,26.11,22.47,7,12.37,20.55,10.24,27.79,29.01,25.93,11.8,26.12,25.21,10.7,7.19,25.87,20.44,25.01,26.49,26.5,10.14,21.47,26.03,-4,5.7,8.89,7.41,26.5,24.8,24.17,24.82,24.02,25.34,22.94,23.23,25.41,19.94,8.62,9.39,28.41,25.73,8.98,24.12,23.81,20.91,23.2,27.43,14.49,6.01,23.96,2.65,23.93,11.52,27.14,24.57,9.45,8.22,27.57,26,27.62,27.35,23.91,15.21,26.59,-18.81,23.26,25.44,23.61,12.68,25.09,11.87,25.32,24.75,9.69,18.54,23.07,2.2,20.64,13.29,25.71,19.48,12.17,6.95,25.76,0.31,27.04,27.01,26.1,12.68,26.16,23.08,15.55,25.03,22.65,26.71,6.53,26.77,11.18,7.08,9.4,6.51,18.78,14.95,11.09,22.8,27.33,21.19,27.06,11.45,28.98,19.34,23.88,10.01,1.39,23.83,27.71,23.99,21.87,25.59,21.25,28.21,27.5,25.35,10.47,2.6,13.23,27.27,9.76,28.25,20.93,25.22,18.88,25.91,27.24,23.43,8.61,7.33,15.62,24.1,27.75,10.6,-4.05,19.51,26.3,27.78,28.53,27.09,26.26,25.83,26.08,15.01,26.84,11.66,25.75,26.14,9.11,10.47,3.6,19.45,26.4,18.95,27.81,27.14,26.25,-0.22,16.93,24.7,24.31,26.46,20.26,11.73,27.43,23.02,23.47,9.64,17.35,9.19,13.59,26.49,25.86,23.94,24.88,25.39,26.2,17.73,21.61,21.02
2010,13.41,22.35,12.61,4.41,28.95,14.5,8.64,26.77,21.72,6.11,13.81,20.95,8.99,28.04,29.16,25.98,11.74,27.01,24.88,10.14,7.06,25.64,20.74,25.33,27.02,26.49,10.25,22.05,26.07,-1.7,4.61,8.62,7.21,26.82,25.08,24.45,25.13,24.27,25.58,24.03,23.31,24.99,20.73,7.38,8.04,28.17,26.34,7.1,24.4,24.98,21.04,24.66,27.23,13.66,5,23.56,1.42,24.72,10.43,27.13,24.93,8.3,10.09,27.82,26.23,28.39,27.91,24.17,15.62,27.01,-15.76,23.16,25.4,23.47,11.75,25.25,10.71,25.45,24.71,8.7,19.55,24.68,2.32,21.99,12.59,25.57,21.36,12.43,7.28,25.52,0.91,27.98,26.55,26.73,12.31,27.51,23.58,17.27,25.22,24.03,27.13,5.44,26.72,11.95,6.3,8.26,5.66,19.2,13.85,10.53,23.04,27.46,20.47,26.93,11.65,29.79,19.36,24.16,9.85,0.59,24.26,28.79,24.07,22.27,25.79,21.54,28.64,27.73,25.42,9.02,0.69,13.36,27.17,10.56,28.32,21.17,25.29,19.14,26.27,27.35,23.86,7.58,6.93,15.32,23.53,28.27,10.03,-3.98,19.93,27.07,28.26,29.31,27.33,26.44,25.81,25.63,14.14,26.85,11.25,25.73,26.04,8.23,9.49,1.74,20.08,26.45,20.69,28.12,27.45,26.94,0.53,17.55,25,25.14,26.96,20.83,13.38,27.51,23.09,23.14,9.7,17.35,9.58,14.24,26.96,25.95,24.4,25.42,25.67,26.05,18.19,22.08,21.8
2011,13,21.87,12.48,6.49,28.45,14.77,5.91,26.23,21.33,7.36,11.55,20.28,10.91,27.88,29.08,25.23,10.94,25.84,25.37,10.58,7.63,25.77,20.54,24.9,26.57,26.28,9.57,21.36,25.57,-3.39,6.36,8.83,6.93,26.41,24.54,24.14,24.8,23.87,25.31,23.41,22.98,25.42,19.35,8.81,9.84,27.97,25.8,9.08,24.02,23.8,20.8,22.64,26.68,14.74,6.98,23.36,3.87,24.46,12.22,26.98,24.7,9.92,7.31,27.48,25.94,28.03,27.57,23.93,14.51,26.64,-18.98,23.24,25.28,23.55,12.5,25.04,11.32,25.13,24.06,9.94,18.44,22.41,1.94,20.04,13.41,25.45,18.97,11.91,6.29,25.52,0.62,27.2,26.29,26.18,12.02,25.79,22.38,15.01,24.93,21.96,26.6,7.21,26.5,10.64,7.68,10.04,7.27,18.6,15.08,10.33,22.81,27.29,21.26,26.88,11.14,29.08,19.22,23.3,9.93,0.87,23.95,27.83,23.94,22.16,25.42,20.34,27.9,27.23,25.2,10.82,3.47,12.51,27.1,10.39,27.97,20.76,24.9,18.62,25.77,27.08,23.38,8.98,6.95,15.74,23.73,27.5,9.73,-2.82,19.17,25.92,26.99,28.93,26.88,26.3,25.55,25.64,15.02,26.53,11.03,25.51,25.91,8.91,10.52,4.67,19.67,26.3,18.39,27.21,27.15,25.75,0.48,16.35,24.35,25.19,26.52,20.08,10.8,27.24,22.81,22.93,9.03,17.3,9.64,13.06,26.54,25.45,23.19,25.16,25.17,25.93,17.29,21.73,21.48
2012,11.6,22.16,12.89,5.56,28.61,15.21,6.97,26.27,21.73,7.14,12.83,20.35,10.01,27.49,28.61,25.3,11.98,25.99,25.19,10.83,6.9,25.61,20.52,25.17,26.52,26.39,9.42,22.14,25.61,-3.01,5.57,9.09,6.63,26.34,24.5,24.11,24.77,23.88,25.23,23.04,23.07,25.26,19.83,8.65,9.28,27.99,25.83,8.45,24.09,23.71,20.78,23.23,26.98,14.18,5.36,23.57,2.08,24.28,11.34,27.07,24.7,9.01,8.6,27.35,25.72,28.01,27.49,23.91,15.41,26.61,-17.28,23.04,25.31,23.45,12.75,25.09,11.91,25.2,24.16,9.68,18.19,23.35,2.21,20.71,13.42,25.58,19.9,11.73,6.71,25.38,-0.16,27.88,26.7,26.24,11.95,26.4,23.51,15.65,24.89,22.45,26.74,6.32,26.73,11.21,6.78,9.19,6.06,18.63,14.83,11.06,22.69,27.38,21.24,27.04,11.84,28.42,19.71,23.73,10.25,0.22,23.92,27.31,23.79,22.09,25.49,21.07,27.78,27,25.2,10.21,1.95,12.31,27.2,10,28.06,20.16,25.11,18.76,26,27.13,23.48,8.55,6.61,14.93,24.36,27.63,10.5,-3.39,19.33,26.31,27.28,28.65,27,26.25,25.5,25.93,14.87,26.56,11.76,25.65,26.16,9.08,10.54,3.11,19.88,26.32,19.42,27.31,26.87,26.66,-0.68,16.5,24.39,24.89,26.42,20.75,11.79,27.36,22.89,23.03,9.51,18.05,10.42,13.14,26.53,25.48,24.08,25.01,25.41,26.04,17.69,21.91,21.79
2013,12.83,22.39,13.04,4.85,27.81,15.07,6.68,26.15,22.88,6.97,12.51,20.58,9.51,27.71,28.88,25.29,12.11,25.97,25.43,10.83,7.62,25.81,20.26,25.06,26.48,26.47,9.79,22.35,26.05,-3.99,5.12,9.15,7.42,26.49,24.64,24.37,24.92,24.04,25.31,23.11,23.22,25.6,19.88,8.29,8.9,28.13,25.67,8.53,24.25,23.85,20.77,23.3,27.25,13.83,6.68,23.35,3.75,24.61,10.92,27.28,24.82,9.06,8.21,27.5,25.99,28.09,27.46,24,15.62,26.58,-18.56,23.27,25.17,23.81,12.41,25.36,11.62,25.32,23.98,9.72,18.75,22.75,1.82,20.53,13.1,25.82,19.5,12.13,8.2,25.24,1.06,27.57,26.9,26.13,12.55,25.99,23.07,15.68,25.13,22.88,26.66,5.83,26.57,11.64,7.47,8.64,6.92,18.51,14.5,11.06,22.69,27.34,20.8,27.21,12.02,28.82,19.46,23.68,10.29,1.67,23.77,27.77,23.95,22.21,25.65,21.88,28,27.26,25.45,9.75,2.79,12.71,27.72,10.87,27.64,20.66,25.22,18.75,26.09,27.25,23.62,8.57,7.06,15.13,23.77,26.96,10.48,-3.18,19.65,25.91,27.63,28.85,27.17,26.35,25.76,26.1,14.57,26.42,11.8,25.52,25.71,9,10.3,3.95,19.45,26.22,19.38,27.85,27.03,26.36,0.89,17.43,24.76,25.28,26.51,20.53,11.74,27.53,22.96,23,9.82,17.23,9.29,14.38,26.45,25.82,23.95,25.17,25.59,25.82,17.82,22.21,21.58
2014,12.31,22.41,13,5.97,28.04,15,7.45,26.1,22.58,8.09,12.99,20.7,11.25,27.7,28.95,25.45,11.88,26.43,25.67,11.35,7.84,25.64,20.53,25.17,26.28,26.25,9.81,21.51,26.04,-4.08,6.29,8.97,7.35,26.51,24.62,24.41,24.9,24.18,25.46,22.69,23.34,25.58,19.89,9.78,10.5,28.02,25.61,10.18,24.42,24.32,20.91,23.62,26.92,14.71,6.89,23.56,3.92,24.26,12.25,27.3,24.81,10.19,9.08,27.49,25.95,27.96,27.34,24.09,15.52,26.43,-17.92,23.09,25.26,23.76,13.16,25.55,12.48,25.37,24.22,10.21,18.47,23.42,3.03,20.63,13.73,25.93,19.74,11.87,6.32,25.52,0.15,27.56,27.17,26.1,12.81,26.64,23.2,16.01,24.98,22.91,26.56,7.61,26.62,11.6,7.92,10.42,7.3,18.79,15.37,10.8,22.8,27.36,20.99,27.28,12.01,28.74,19.63,23.89,10.58,1.92,23.81,27.71,24.21,22.27,25.61,21.27,27.92,27.11,25.55,11.6,3.85,12.51,27.61,10.33,27.8,20.35,25.4,18.86,25.92,27.15,23.55,9.69,7.86,15.34,24.42,27.41,10.66,-3.36,19.66,26.36,27.52,28.84,27.16,26.36,25.62,26.27,15.33,26.72,12,25.48,26.11,10.13,11.32,4.92,19.65,26.39,19.83,27.61,27.05,26.42,0.03,16.28,24.6,24.69,26.4,20.99,12.67,27.64,22.94,23.35,9.64,17.8,9.59,12.69,26.32,25.89,24.04,25.08,25.53,25.98,17.92,22.27,21.45
2015,12.96,22.82,13.1,6.36,28.94,15.14,7.39,26.31,22.48,8.01,12.82,20.94,10.65,27.8,28.83,25.44,12.06,26.55,25.97,10.96,8.68,26.17,20.95,25.69,26.44,26.55,9.67,23.15,26.25,-3.5,6.49,9.35,7.69,26.54,24.76,24.54,25.09,24.41,25.6,22.82,23.59,26,19.8,9.73,10.13,28.8,25.84,9.34,24.73,23.94,21.49,23.36,27.66,14.85,7.44,23.98,4.19,24.05,12.08,27.19,24.93,9.51,9.05,27.7,25.98,27.86,27.39,24.14,15.23,26.55,-19.4,23.59,25.5,24.17,12.92,25.88,12.21,25.48,24.49,9.59,19.12,23.56,1.52,20.57,13.77,26.2,19.78,12.61,7.85,25.76,1.05,28.1,27.41,26.31,13.16,26.94,23.66,15.68,25.19,22.29,26.75,7.18,26.68,12.62,8.32,9.92,7.76,18.8,15.53,11.82,22.84,27.58,21.06,27.21,11.84,28.69,19.61,23.72,10.44,2.23,24.31,27.89,24.26,22.58,25.84,22.23,27.39,27.27,25.83,10.81,3.45,12.67,27.49,10.2,28.4,20.62,25.78,19.25,26.14,27.17,23.55,9.87,8,15.69,24.71,28.15,11.02,-2.55,19.96,26.82,27.64,28.79,27.19,26.3,25.76,26.92,15.24,26.78,11.97,25.44,26.25,9.79,10.94,4.66,20.7,26.62,19.71,27.42,27.2,26.82,0.83,17.11,24.57,24.3,26.55,20.39,12.11,27.64,23.2,23.59,10.3,17.87,10.46,14.08,26.48,26.26,24.59,24.98,25.49,26.12,18.82,22.35,22.18
2016,13.74,22.89,13,5.96,28.24,14.65,6.52,26.43,22.39,7.46,12.18,21.22,10.34,28.06,29.11,25.88,11.99,26.46,25.75,10.68,7.76,25.99,20.67,25.57,26.74,26.97,10.4,23.06,26.47,-2.71,5.95,9.66,7.77,26.91,25,24.89,25.42,24.54,25.42,23.23,23.58,25.75,20.38,8.95,9.69,28.94,26.03,9.27,24.54,24.73,21.5,23.7,27.46,14.6,6.47,24.11,3.45,24.73,11.55,27.57,25.32,9.61,8.34,28,26.25,28.27,27.71,24.51,15.52,26.84,-16.43,23.55,25.76,24.19,12.52,25.53,11.55,25.79,24.85,9.88,19.21,23.57,2.92,21.03,13.54,26.1,20.19,12.64,7.72,25.75,1.44,28.13,27.19,26.45,13.33,26.8,23.61,16.31,25.59,23.2,26.86,6.72,27.23,12.29,7.6,9.36,7.02,19.02,15.24,11.14,22.76,27.65,21.23,27.33,11.8,29.29,19.69,23.95,10.16,1.44,24.54,28.23,23.95,22.66,26.29,22.62,28.38,27.41,25.88,10.67,3.21,13.56,27.83,10.94,28.08,21.48,25.56,19.38,26.5,27.38,24,9.24,7.8,15.56,23.43,27.57,10.44,-2.78,20.4,26.59,27.78,29.18,27.67,26.63,26.11,26.61,15.01,26.93,11.51,26.03,26.34,9.15,10.54,4.14,20.57,26.44,20.11,27.75,27.49,26.96,1.55,17.38,25.47,25.09,26.77,21.02,12.25,27.78,23.2,24.06,9.67,17.24,10.87,14.52,26.73,26.15,24.56,25.52,25.93,26.1,18.8,22.49,22.34
2017,13.54,22.67,12.97,6.2,28.98,15.14,6.81,26.31,22.46,7.3,12.55,20.96,10.73,27.94,28.91,25.55,11.65,26.53,25.65,10.58,7.72,25.86,20.71,25.39,26.59,26.63,10.31,21.75,26.43,-3.22,5.95,9.16,7.8,26.76,24.95,24.61,25.06,24.28,25.57,23.41,23.3,25.68,20.08,8.86,9.75,29,25.9,9.18,24.41,24.18,21.14,23.03,27.62,15.07,6.38,23.91,2.92,24.83,11.81,27.5,25.11,9.9,8.56,27.91,26.38,28.45,27.82,24.5,15.22,26.68,-17.7,23.31,25.65,23.83,12.63,25.38,11.6,25.46,24.73,10.2,19.09,23.77,2.74,20.75,13.52,26.11,20.18,11.99,7.6,25.85,0.63,27.59,26.93,26.31,12.78,27.05,23.41,16.12,25.52,21.82,26.76,6.38,26.77,11.79,7.54,9.74,6.82,19.62,15.25,11.05,23.05,27.49,21.39,27.37,11.74,29.11,19.51,23.79,10,2.5,23.99,28.19,24.17,22.35,25.81,21.83,27.55,27.39,25.53,10.9,2.77,13.24,27.66,10.77,28.24,21.27,25.33,18.99,26.12,27.46,23.74,9.03,7.56,16.08,24.5,28.05,10.45,-2.52,20.04,26.93,27.76,29.17,27.31,26.51,26.25,26.24,15.16,26.88,11.59,25.78,26.21,8.97,10.59,3.84,19.79,26.41,19.87,27.57,27.42,26.52,1.05,16.97,24.95,25.1,26.5,20.17,12.03,27.74,23.33,23.72,9.95,18.41,10.54,13.74,26.62,25.54,24.24,25.32,25.75,26.02,18.24,21.98,21.23
2018,13.72,22.76,13.57,5.82,28.97,14.94,8.32,26.03,22.59,8.22,13.37,20.6,11.23,27.68,28.95,25.32,12.06,26.91,25.61,11.18,8,25.63,20.27,25.1,26.28,26.72,9.78,22.6,26.22,-4.2,6.87,9.08,7.46,26.49,24.83,24.45,25.08,24.1,25.4,22.37,23.13,25.63,21,9.95,10.68,28.5,25.57,9.76,24.34,24.22,20.93,24.09,27.25,14.22,7.11,23.44,3.67,24.66,12.43,27.38,25.03,9.79,9.79,27.66,26.22,27.78,27.36,24.38,15.81,26.43,-18.24,23.19,25.31,23.66,13.21,25.44,12.54,25.46,24.53,10.03,19.52,24.09,2.23,21.58,13.86,26.12,20.58,12.62,6.36,25.13,0.49,27.76,27.18,26.04,12.7,27.37,23.27,16.85,25.35,23.67,26.46,7.49,26.38,11.74,8.16,10.54,7.59,17.99,15.67,10.99,22.8,27.34,21.06,27.22,12.25,29.08,19.79,23.5,10.76,1.71,24.15,27.16,24.04,22.26,25.86,22.13,28.13,27.19,25.43,11.34,3.12,12.9,27.85,10.94,28.31,21.39,25.11,18.65,26.24,27.45,23.74,9.93,7.49,15.14,23.69,28.41,10.87,-3.09,19.68,26.93,27.65,28.76,27.19,26.45,26.04,26.39,15.26,26.42,12.1,25.83,25.83,10.14,11.18,4.31,19.75,26.31,20.39,27.84,27.17,26.47,0.79,17.25,24.97,25,26.22,20.64,13.37,27.72,22.8,23.24,9.93,17.95,10.19,13.48,26.31,25.57,24.29,25.08,25.63,25.75,18.34,22.29,21.92
2019,12.96,23.27,13.4,6.07,28.72,15.01,7.45,26.32,23.11,8.08,13.03,20.98,10.92,27.91,29.03,25.75,12.64,26.74,26.02,11.33,8.89,26.42,20.85,25.53,26.55,26.94,9.82,23.38,26.53,-3.6,6.32,9.43,7.6,26.73,25.02,24.71,25.35,24.38,25.79,22.86,23.5,26.1,20.31,9.87,10.44,28.68,25.86,9.73,24.67,24.07,21.16,23.37,27.23,14.61,7.42,23.86,3.16,24.76,12.16,27.37,25.19,9.74,9.12,27.99,26.46,27.92,27.84,24.52,15.76,26.71,-16.92,23.91,25.6,24.37,13.3,25.68,12.65,25.59,24.5,10.08,18.81,23.5,2.15,20.85,13.75,26.46,19.96,12.73,7.82,25.92,1.12,28.09,27.37,26.32,13.21,26.9,24.13,16.08,25.7,22.7,26.75,7.1,26.92,13.01,8.82,10.1,8.09,18.95,15.56,11.91,23.25,27.63,21.35,27.33,12.41,28.81,19.56,24.05,10.68,2.07,24.42,27.33,24.35,22.43,26.15,23.18,27.95,27.25,25.86,11.2,2.82,12.62,27.6,10.96,28.27,20.57,25.46,18.99,26.35,27.27,23.58,10.32,8.36,15.43,24.48,28.14,11.39,-2.48,20.06,26.79,27.53,29.01,27.5,26.49,26.36,26.73,15.28,26.94,12.38,26.15,26.24,10.13,11.28,4.08,20.31,26.72,19.72,27.63,27.52,27.11,1.01,17.48,24.75,25,26.57,20.47,12.66,27.79,23.28,23.48,10.71,17.68,9.96,14.49,26.6,25.8,24.84,25.15,25.95,26.3,19.1,22.6,22.43
2020,12.31,22.63,13.21,5.84,28.58,15.28,7.21,26.49,22.57,7.74,12.71,21.24,11.53,27.85,28.99,25.38,12.31,26.71,25.99,11.05,9.11,26.41,21.1,25.2,26.69,26.82,9.84,22.01,26.6,-3.61,6.63,9.43,7.6,26.83,25.14,24.81,25.38,24.52,25.62,23.51,23.47,26.18,20.19,9.45,10.55,28.61,25.98,10.1,24.78,24.74,21.29,23.15,27.01,14.71,8.27,23.79,4.74,25.05,12.63,27.47,25.27,9.95,9,27.94,26.65,28.45,28.15,24.63,15.59,26.84,-18.24,23.8,25.68,24.32,12.94,25.84,11.98,25.69,24.2,10.02,18.36,23.85,1.66,21.06,13.71,26.5,20.39,12.78,7.94,25.52,0.54,27.74,26.98,26.5,12.93,26.97,23.76,16.54,25.75,22.6,26.86,7.18,27.01,11.71,9.13,10.71,8.66,19.52,15.47,12.19,23.01,27.77,21.58,27.31,11.93,29.25,19.82,24.05,10.52,1.91,24.44,28.47,23.68,22.48,26.02,21.99,27.93,27.26,25.81,11.59,3.96,12.47,27.7,10.86,27.95,20.5,25.36,19.32,26.43,27.51,23.98,10.03,8.05,15.94,24.85,28.04,11.11,-1.24,20.29,26.57,27.22,29.42,27.39,26.67,26.4,26.34,15.2,27.09,11.74,26.1,26.25,9.62,10.81,5.47,19.77,26.73,20.13,27.53,27.43,27.01,0.29,16.47,25.18,25.19,26.63,20.89,12.83,27.7,22.92,23.14,10.79,17.61,10.34,13.44,26.73,25.96,24.45,25.39,25.79,25.88,18.16,22.15,21.79
2021,13.95,22.56,12.97,5.16,29.12,15.25,7.79,26.3,21.96,6.91,13.23,20.94,10.09,28.31,29.38,25.83,11.66,27.19,25.79,10.72,7.38,26.25,20.49,24.98,26.54,26.56,10.24,21.44,26.77,-2.75,5.41,9.37,7.84,26.86,25.1,24.83,25.29,24.09,25.39,23.14,23.02,25.9,20.45,8.38,9.28,28.55,25.84,9,24.39,25.26,20.99,23.63,27.45,14.3,6.53,23.77,2.82,24.99,11.37,27.29,25.08,9.63,9,28.09,26.71,28.37,28.12,24.46,15.53,26.65,-16.77,23.62,25.29,24.18,12.59,25.46,11.46,25.5,24.31,10.25,19.79,24.58,1.98,21.36,13.44,26.23,20.71,12.81,7.76,25.84,0.87,27.31,26.56,26.29,13.3,27.75,23.4,16.69,25.64,23.34,26.77,5.86,26.62,11.31,7.31,9.15,6.93,19.21,15.2,10.2,22.96,27.53,21.25,27.1,11.6,29.82,20.06,24.17,10.01,2.3,24.13,28.51,23.91,22.28,25.73,21.23,28.23,27.5,25.54,10.39,2.57,13.09,27.41,11.06,28.26,21.29,25.03,18.97,26.24,27.48,23.96,8.68,8.21,15.41,24.1,28.51,10.13,-3.36,20.09,27.22,27.82,29.51,27.22,26.53,26.37,26.54,14.94,26.78,11.41,26.19,25.78,8.79,10.21,3.76,19.48,26.33,20.43,27.79,27.75,26.48,0.95,17.78,25.06,25.09,26.3,21.44,12.67,27.5,22.97,23.58,9.27,17.66,10.32,14.48,26.56,25.21,24.16,25.4,25.49,25.85,17.81,22.11,21.57
2022,13.74,22.3,13.36,7.26,28.9,14.78,7.53,26.2,21.86,8.15,13.1,20.92,11.52,27.62,28.59,25.8,12.21,26.69,25.9,11.61,7.87,25.94,20.43,24.8,26.36,26.42,10.16,21.75,26.41,-3.56,7.1,8.72,7.83,26.47,24.75,24.6,25.1,23.94,25.16,23.32,22.93,25.86,19.85,9.59,10.65,28.61,25.71,9.72,24.38,24.72,20.87,22.96,27.23,15.49,6.96,23.98,3.71,25.1,13.04,27.15,24.93,10.39,8.65,27.48,26.23,27.92,27.71,24.25,15.44,26.48,-17.06,23.37,25.14,23.87,13.41,25.38,12.43,25.45,24.49,10.5,19.58,24,1.82,20.66,14.4,26.09,20.15,12.76,7.87,25.71,1.56,27.32,26.36,26.19,12.91,27.2,23.32,15.98,25.52,22.64,26.51,7.38,26.47,11.59,7.87,10.77,7.34,19.83,16.42,11.39,22.61,27.38,20.98,26.94,11.88,28.92,20.21,23.92,10.65,1.68,24.06,28.11,23.5,21.97,25.65,21.55,27.39,26.97,25.34,11.57,3.31,13.25,27.27,11.33,28.12,21.38,24.87,18.85,26.21,27.36,24.16,9.58,7.5,16.39,24.02,28.3,10.96,-2.45,19.93,26.88,27.19,28.83,27.26,26.65,26.2,26.16,15.7,26.89,12.08,25.83,25.64,9.85,11.36,4.56,19.83,26.18,19.87,27.17,27.02,26.39,1.69,17.69,24.94,25.52,26.21,21.48,12.25,27.45,22.91,23.53,9.96,17.19,9.98,14.39,26.37,25.27,24.02,25.8,25.32,25.89,18.09,21.91,21.59
2023,13.81,22.8,13.71,7.29,28.99,15.67,8.28,26.73,22.41,8.35,13.76,21.21,11.49,28.27,29.36,26.09,12.96,27.05,26.25,11.91,8.83,26.58,21.51,25.55,26.93,26.96,10.3,22.8,26.72,-1.77,7.09,9.49,8,27.04,25.18,24.9,25.3,24.67,25.86,24.12,23.76,26.32,20.35,10.05,10.75,29.35,26.24,9.56,25.06,24.93,21.73,23.86,28.01,15.27,7.09,24.05,3.22,24.8,12.8,27.47,25.15,10.3,9.35,27.95,26.63,28.45,28.01,24.58,15.95,27.06,-17.51,24.1,26.04,24.69,13.79,26.01,12.82,25.76,24.49,10.88,19.76,24.07,1.61,21.46,14.36,26.7,20.66,13.5,8.78,25.66,1.75,27.74,27.31,26.74,13.61,27.04,23.89,16.75,25.91,23.08,27.06,7.61,26.9,11.69,8.68,10.72,7.84,19.96,16.09,12.43,23.22,27.56,21.69,27.37,12.37,29.56,20.2,24.3,10.87,2.09,24.49,28.56,24.27,22.72,26.09,22.18,28.41,27.64,26.13,11.67,2.49,13.17,27.58,11.09,28.59,21.01,25.69,19.64,26.43,27.51,23.94,10.17,8.56,16.28,25.32,28.44,11.66,-2.5,20.39,27.02,28.4,29.45,27.43,26.61,26.38,27.04,15.96,27.02,12.56,26.18,26.66,10.19,11.39,3.77,20.09,26.67,20.27,28.3,27.55,27.06,1.58,18.45,24.83,24.97,26.84,21.24,12.96,27.9,23.32,23.95,10.88,18.11,10.45,15.28,26.94,26.16,24.55,25.26,25.78,26.63,18.2,22.72,22.34